ekegusii,english,reason,headword,contributor,date,source,url
Abanto ba Nyasae,,1 ekegusii vs 0 english,Abanto,Bironga Nyauma,"October 17, 2019",lughayangu,https://lughayangu.com/ekegusii/abanto
Nyasae abasesenie,,1 ekegusii vs 0 english,Abasesenie,Bironga Nyauma,"October 17, 2019",lughayangu,https://lughayangu.com/ekegusii/abasesenie
Amache yaisanire,,5 ekegusii vs 2 english,Amache,Bironga Nyauma,"October 17, 2019",lughayangu,https://lughayangu.com/ekegusii/amache
amache korwa embura atereime para,,5 ekegusii vs 2 english,Amache,Bironga Nyauma,"October 17, 2019",lughayangu,https://lughayangu.com/ekegusii/amache
Ndetere amache,,5 ekegusii vs 2 english,Amache,Bironga Nyauma,"October 17, 2019",lughayangu,https://lughayangu.com/ekegusii/amache
Amache na' amarabu,,5 ekegusii vs 2 english,Amache,Bironga Nyauma,"October 17, 2019",lughayangu,https://lughayangu.com/ekegusii/amache
Hero,,5 ekegusii vs 2 english,Amache,Bironga Nyauma,"October 17, 2019",lughayangu,https://lughayangu.com/ekegusii/amache
,The water is enough,5 ekegusii vs 2 english,Amache,Bironga Nyauma,"October 17, 2019",lughayangu,https://lughayangu.com/ekegusii/amache
,Water from the rain has stagnated on the road,5 ekegusii vs 2 english,Amache,Bironga Nyauma,"October 17, 2019",lughayangu,https://lughayangu.com/ekegusii/amache
soma amachiko,,1 ekegusii vs 0 english,Amachiko,robertny,"October 10, 2019",lughayangu,https://lughayangu.com/ekegusii/amachiko
Amaiso amaroro,,1 ekegusii vs 0 english,Amaiso,Anonymous,"December 17, 2024",lughayangu,https://lughayangu.com/ekegusii/amaiso
,I got no words,0 ekegusii vs 1 english,Amang'ana,Bironga Nyauma,"October 17, 2019",lughayangu,https://lughayangu.com/ekegusii/amangana
anaemia,,2 ekegusii vs 1 english,Amanyinga koera,Purity,"October 24, 2022",lughayangu,https://lughayangu.com/ekegusii/amanyinga-koera
Kwamboka atebigwa arie enderema enyinge ekiagera abwate oborwaire bw'amanyinga koera,,2 ekegusii vs 1 english,Amanyinga koera,Purity,"October 24, 2022",lughayangu,https://lughayangu.com/ekegusii/amanyinga-koera
,Kwamboka was told to eat more of the vine spinach now that she has anaemia,2 ekegusii vs 1 english,Amanyinga koera,Purity,"October 24, 2022",lughayangu,https://lughayangu.com/ekegusii/amanyinga-koera
inwe n'abarimo,,1 ekegusii vs 0 english,Aye/inwe(plural),Purity,"September 14, 2022",lughayangu,https://lughayangu.com/ekegusii/ayeinweplural
barabwo mbarugete igoro,,1 ekegusii vs 0 english,Barabwo,Purity,"September 14, 2022",lughayangu,https://lughayangu.com/ekegusii/barabwo
abaiseke bari chibarongo na abana ba Barongo,,1 ekegusii vs 2 english,Barongo,Purity,"November 7, 2022",lughayangu,https://lughayangu.com/ekegusii/barongo
,means the older twin,1 ekegusii vs 2 english,Barongo,Purity,"November 7, 2022",lughayangu,https://lughayangu.com/ekegusii/barongo
,Those twin girls are Barongo's daughters,1 ekegusii vs 2 english,Barongo,Purity,"November 7, 2022",lughayangu,https://lughayangu.com/ekegusii/barongo
Tigara buya,,2 ekegusii vs 0 english,Buya,Moraa,"September 4, 2019",lughayangu,https://lughayangu.com/ekegusii/buya
Moraa,,2 ekegusii vs 0 english,Buya,Moraa,"September 4, 2019",lughayangu,https://lughayangu.com/ekegusii/buya
Naki bwairire,,1 ekegusii vs 2 english,Bwairire,Obiri,"July 23, 2019",lughayangu,https://lughayangu.com/ekegusii/bwairire
,Good afternoon/ Good evening.,1 ekegusii vs 2 english,Bwairire,Obiri,"July 23, 2019",lughayangu,https://lughayangu.com/ekegusii/bwairire
,How was your day,1 ekegusii vs 2 english,Bwairire,Obiri,"July 23, 2019",lughayangu,https://lughayangu.com/ekegusii/bwairire
Chibesa irenga obwate?,,4 ekegusii vs 2 english,chibesa,robertny,"July 18, 2019",lughayangu,https://lughayangu.com/ekegusii/chibesa
enibo,,4 ekegusii vs 2 english,chibesa,robertny,"July 18, 2019",lughayangu,https://lughayangu.com/ekegusii/chibesa
egasi yaye egwakana chibesa chinyinge,,4 ekegusii vs 2 english,chibesa,robertny,"July 18, 2019",lughayangu,https://lughayangu.com/ekegusii/chibesa
Ng'e chibesa,,4 ekegusii vs 2 english,chibesa,robertny,"July 18, 2019",lughayangu,https://lughayangu.com/ekegusii/chibesa
,How much money do you have?,4 ekegusii vs 2 english,chibesa,robertny,"July 18, 2019",lughayangu,https://lughayangu.com/ekegusii/chibesa
,Her work pays good money,4 ekegusii vs 2 english,chibesa,robertny,"July 18, 2019",lughayangu,https://lughayangu.com/ekegusii/chibesa
basimegete chinchugu,,1 ekegusii vs 0 english,Chinchugu,Purity,"September 22, 2022",lughayangu,https://lughayangu.com/ekegusii/chinchugu
Nature chinkuna nkuna koru omote igoro,,1 ekegusii vs 2 english,Chinkina nkuna,Anonymous,"April 24, 2023",lughayangu,https://lughayangu.com/ekegusii/chinkina-nkuna
,A fruit used for medicine,1 ekegusii vs 2 english,Chinkina nkuna,Anonymous,"April 24, 2023",lughayangu,https://lughayangu.com/ekegusii/chinkina-nkuna
,I have plucked the chinkunankuna fruits from on top of a tree,1 ekegusii vs 2 english,Chinkina nkuna,Anonymous,"April 24, 2023",lughayangu,https://lughayangu.com/ekegusii/chinkina-nkuna
Gate,,2 ekegusii vs 0 english,Egeita,Anonymous,"February 15, 2024",lughayangu,https://lughayangu.com/ekegusii/egeita
Egeita - Gate,,2 ekegusii vs 0 english,Egeita,Anonymous,"February 15, 2024",lughayangu,https://lughayangu.com/ekegusii/egeita
Omokungu,,2 ekegusii vs 1 english,Egekungu,Purity,"July 23, 2026",lughayangu,https://lughayangu.com/ekegusii/egekungu
Aretete egesusu egekungu,,2 ekegusii vs 1 english,Egekungu,Purity,"July 23, 2026",lughayangu,https://lughayangu.com/ekegusii/egekungu
,She/He brought a female rabbit,2 ekegusii vs 1 english,Egekungu,Purity,"July 23, 2026",lughayangu,https://lughayangu.com/ekegusii/egekungu
tangerine,,2 ekegusii vs 1 english,Egesantare,Purity,"September 1, 2022",lughayangu,https://lughayangu.com/ekegusii/egesantare
rigori ri'ebisantare rire igoro,,2 ekegusii vs 1 english,Egesantare,Purity,"September 1, 2022",lughayangu,https://lughayangu.com/ekegusii/egesantare
,Tangerines are really expensive,2 ekegusii vs 1 english,Egesantare,Purity,"September 1, 2022",lughayangu,https://lughayangu.com/ekegusii/egesantare
omorangu,,2 ekegusii vs 1 english,Egesieri,Purity,"July 23, 2026",lughayangu,https://lughayangu.com/ekegusii/egesieri
Omosacha oye abunete egesieri ekero anyoretu konyoigora,,2 ekegusii vs 1 english,Egesieri,Purity,"July 23, 2026",lughayangu,https://lughayangu.com/ekegusii/egesieri
,Her husband broke the door when she delayed to open it,2 ekegusii vs 1 english,Egesieri,Purity,"July 23, 2026",lughayangu,https://lughayangu.com/ekegusii/egesieri
Omonto oria aboogete ekemambi,,2 ekegusii vs 3 english,Ekemambi,Anonymous,"October 11, 2021",lughayangu,https://lughayangu.com/ekegusii/ekemambi
agokama eng'ombe yaye mambia na magoroba,,2 ekegusii vs 3 english,Ekemambi,Anonymous,"October 11, 2021",lughayangu,https://lughayangu.com/ekegusii/ekemambi
,Very early in the morning,2 ekegusii vs 3 english,Ekemambi,Anonymous,"October 11, 2021",lughayangu,https://lughayangu.com/ekegusii/ekemambi
,That person woke up very early in the morning,2 ekegusii vs 3 english,Ekemambi,Anonymous,"October 11, 2021",lughayangu,https://lughayangu.com/ekegusii/ekemambi
,he milks his cow in the morning and evening,2 ekegusii vs 3 english,Ekemambi,Anonymous,"October 11, 2021",lughayangu,https://lughayangu.com/ekegusii/ekemambi
mongoose,,2 ekegusii vs 1 english,Ekenyaminyonge,Purity,"August 30, 2022",lughayangu,https://lughayangu.com/ekegusii/ekenyaminyonge
Ekenyaminyonge kiariete chingoko chionsi,,2 ekegusii vs 1 english,Ekenyaminyonge,Purity,"August 30, 2022",lughayangu,https://lughayangu.com/ekegusii/ekenyaminyonge
,The mongoose ate all the chicken,2 ekegusii vs 1 english,Ekenyaminyonge,Purity,"August 30, 2022",lughayangu,https://lughayangu.com/ekegusii/ekenyaminyonge
Rhino,,2 ekegusii vs 1 english,Ekeobiri,Purity,"August 26, 2022",lughayangu,https://lughayangu.com/ekegusii/ekeobiri
Ekebiri ekerabu egesacha giatigarete Kenya nkiasira bwango iga,,2 ekegusii vs 1 english,Ekeobiri,Purity,"August 26, 2022",lughayangu,https://lughayangu.com/ekegusii/ekeobiri
,The last male white rhino living in Kenya died recently,2 ekegusii vs 1 english,Ekeobiri,Purity,"August 26, 2022",lughayangu,https://lughayangu.com/ekegusii/ekeobiri
Tindi gochi ekiagera timbwati ase nkorara,,4 ekegusii vs 3 english,Ekiagera,Bironga Nyauma,"October 17, 2019",lughayangu,https://lughayangu.com/ekegusii/ekiagera
Nigo,,4 ekegusii vs 3 english,Ekiagera,Bironga Nyauma,"October 17, 2019",lughayangu,https://lughayangu.com/ekegusii/ekiagera
Nigo achete gototoria twensi,,4 ekegusii vs 3 english,Ekiagera,Bironga Nyauma,"October 17, 2019",lughayangu,https://lughayangu.com/ekegusii/ekiagera
entwanyorwa ekiagera egari yasareka,,4 ekegusii vs 3 english,Ekiagera,Bironga Nyauma,"October 17, 2019",lughayangu,https://lughayangu.com/ekegusii/ekiagera
,I am not leaving because I do not have a place to sleep,4 ekegusii vs 3 english,Ekiagera,Bironga Nyauma,"October 17, 2019",lughayangu,https://lughayangu.com/ekegusii/ekiagera
,For He came to save us all,4 ekegusii vs 3 english,Ekiagera,Bironga Nyauma,"October 17, 2019",lughayangu,https://lughayangu.com/ekegusii/ekiagera
,We were late because the car broke down,4 ekegusii vs 3 english,Ekiagera,Bironga Nyauma,"October 17, 2019",lughayangu,https://lughayangu.com/ekegusii/ekiagera
toe,,2 ekegusii vs 1 english,Ekiara giokogoro,Purity,"September 1, 2022",lughayangu,https://lughayangu.com/ekegusii/ekiara-giokogoro
MIka agochete ekiara giokogoro ase rigena gekaru amanyinga,,2 ekegusii vs 1 english,Ekiara giokogoro,Purity,"September 1, 2022",lughayangu,https://lughayangu.com/ekegusii/ekiara-giokogoro
,MIka bumped his toe against a stone and it started bleeding,2 ekegusii vs 1 english,Ekiara giokogoro,Purity,"September 1, 2022",lughayangu,https://lughayangu.com/ekegusii/ekiara-giokogoro
Gecko,,3 ekegusii vs 2 english,Ekigo,Purity,"August 26, 2022",lughayangu,https://lughayangu.com/ekegusii/ekigo
Ekigo kere maraba kiarete engi na gotama,,3 ekegusii vs 2 english,Ekigo,Purity,"August 26, 2022",lughayangu,https://lughayangu.com/ekegusii/ekigo
Ekigo kere maraba gianchete koria chingi,,3 ekegusii vs 2 english,Ekigo,Purity,"August 26, 2022",lughayangu,https://lughayangu.com/ekegusii/ekigo
,The brown gecko ate a fly and hid,3 ekegusii vs 2 english,Ekigo,Purity,"August 26, 2022",lughayangu,https://lughayangu.com/ekegusii/ekigo
,The brown gecko loves eating the flies.,3 ekegusii vs 2 english,Ekigo,Purity,"August 26, 2022",lughayangu,https://lughayangu.com/ekegusii/ekigo
Embura egotu,,3 ekegusii vs 2 english,Embura,Bironga Nyauma,"October 17, 2019",lughayangu,https://lughayangu.com/ekegusii/embura
Embura yatwete gochaka tichi rimo mpaka tichi gatano,,3 ekegusii vs 2 english,Embura,Bironga Nyauma,"October 17, 2019",lughayangu,https://lughayangu.com/ekegusii/embura
embura yature enyinge mono,,3 ekegusii vs 2 english,Embura,Bironga Nyauma,"October 17, 2019",lughayangu,https://lughayangu.com/ekegusii/embura
,It rained from Monday to Friday,3 ekegusii vs 2 english,Embura,Bironga Nyauma,"October 17, 2019",lughayangu,https://lughayangu.com/ekegusii/embura
,It has been raining heavily,3 ekegusii vs 2 english,Embura,Bironga Nyauma,"October 17, 2019",lughayangu,https://lughayangu.com/ekegusii/embura
Emebayeno nigo ebwate chingencho chibisegete echio chibwate amorokererio gose ogokurera gete gochia ase abanto.,,2 ekegusii vs 1 english,Emebayeno y'ekegusii,Daniel Oyuyo,"May 6, 2024",lughayangu,https://lughayangu.com/ekegusii/emebayeno-yekegusii
Daniel Oyuyo,,2 ekegusii vs 1 english,Emebayeno y'ekegusii,Daniel Oyuyo,"May 6, 2024",lughayangu,https://lughayangu.com/ekegusii/emebayeno-yekegusii
,Proverbs have a hidden meanings which have teachings or warnings to people.,2 ekegusii vs 1 english,Emebayeno y'ekegusii,Daniel Oyuyo,"May 6, 2024",lughayangu,https://lughayangu.com/ekegusii/emebayeno-yekegusii
Mobekere endagera,,5 ekegusii vs 3 english,Endagera,robertny,"October 10, 2019",lughayangu,https://lughayangu.com/ekegusii/endagera
Endagera yaisanire,,5 ekegusii vs 3 english,Endagera,robertny,"October 10, 2019",lughayangu,https://lughayangu.com/ekegusii/endagera
Endagera twaroseti yonsi yaerete,,5 ekegusii vs 3 english,Endagera,robertny,"October 10, 2019",lughayangu,https://lughayangu.com/ekegusii/endagera
letera abageni endagera,,5 ekegusii vs 3 english,Endagera,robertny,"October 10, 2019",lughayangu,https://lughayangu.com/ekegusii/endagera
Inchwo orie endagera,,5 ekegusii vs 3 english,Endagera,robertny,"October 10, 2019",lughayangu,https://lughayangu.com/ekegusii/endagera
,The food is enough,5 ekegusii vs 3 english,Endagera,robertny,"October 10, 2019",lughayangu,https://lughayangu.com/ekegusii/endagera
,All of the food that we cooked is finished,5 ekegusii vs 3 english,Endagera,robertny,"October 10, 2019",lughayangu,https://lughayangu.com/ekegusii/endagera
,Bring food to the visitors,5 ekegusii vs 3 english,Endagera,robertny,"October 10, 2019",lughayangu,https://lughayangu.com/ekegusii/endagera
Nyasae tata n' omuya.,,2 ekegusii vs 1 english,"Engoro, nyasae",Starlion Ombasa Omwansu491333,"December 18, 2021",lughayangu,https://lughayangu.com/ekegusii/engoro-nyasae
Starlion Ombasa Omwansu491333,,2 ekegusii vs 1 english,"Engoro, nyasae",Starlion Ombasa Omwansu491333,"December 18, 2021",lughayangu,https://lughayangu.com/ekegusii/engoro-nyasae
,By Starlion Ombasa Omwansu491333,2 ekegusii vs 1 english,"Engoro, nyasae",Starlion Ombasa Omwansu491333,"December 18, 2021",lughayangu,https://lughayangu.com/ekegusii/engoro-nyasae
enibo yane,,3 ekegusii vs 1 english,enibo,robertny,"July 18, 2019",lughayangu,https://lughayangu.com/ekegusii/enibo
Chibesa,,3 ekegusii vs 1 english,enibo,robertny,"July 18, 2019",lughayangu,https://lughayangu.com/ekegusii/enibo
Togende enyangi,,4 ekegusii vs 3 english,Enyangi,Bironga Nyauma,"October 17, 2019",lughayangu,https://lughayangu.com/ekegusii/enyangi
#Go,,4 ekegusii vs 3 english,Enyangi,Bironga Nyauma,"October 17, 2019",lughayangu,https://lughayangu.com/ekegusii/enyangi
Omambia akorete enyangi tichi rimo,,4 ekegusii vs 3 english,Enyangi,Bironga Nyauma,"October 17, 2019",lughayangu,https://lughayangu.com/ekegusii/enyangi
Enyangi twagenda nenyangi bori.,,4 ekegusii vs 3 english,Enyangi,Bironga Nyauma,"October 17, 2019",lughayangu,https://lughayangu.com/ekegusii/enyangi
,Let's go to the wedding,4 ekegusii vs 3 english,Enyangi,Bironga Nyauma,"October 17, 2019",lughayangu,https://lughayangu.com/ekegusii/enyangi
,Omambia had his wedding on Monday,4 ekegusii vs 3 english,Enyangi,Bironga Nyauma,"October 17, 2019",lughayangu,https://lughayangu.com/ekegusii/enyangi
,The wedding we've attended is a really wedding.,4 ekegusii vs 3 english,Enyangi,Bironga Nyauma,"October 17, 2019",lughayangu,https://lughayangu.com/ekegusii/enyangi
Eye,,3 ekegusii vs 2 english,Eriso,Purity,"August 26, 2022",lughayangu,https://lughayangu.com/ekegusii/eriso
Omosacha otindete atebetie mokaye buna eriso riaye ndiri korora armoire nyagitari arwarigwe,,3 ekegusii vs 2 english,Eriso,Purity,"August 26, 2022",lughayangu,https://lughayangu.com/ekegusii/eriso
Omogaka ori atebetie mokaye eriso riaye riaruarire naganeti kogenda nyagitari korwarigwa,,3 ekegusii vs 2 english,Eriso,Purity,"August 26, 2022",lughayangu,https://lughayangu.com/ekegusii/eriso
,The drunk man told his wife that his eye could not see so she ought to take him to the hospital for treatment,3 ekegusii vs 2 english,Eriso,Purity,"August 26, 2022",lughayangu,https://lughayangu.com/ekegusii/eriso
,That man told his wife that he has an eye problem and needs to visit a hospital for treatment.,3 ekegusii vs 2 english,Eriso,Purity,"August 26, 2022",lughayangu,https://lughayangu.com/ekegusii/eriso
Narometu ne eumbu,,3 ekegusii vs 2 english,eumbu,Moraa,"September 4, 2019",lughayangu,https://lughayangu.com/ekegusii/eumbu
Moraa aitete eumbu yare komoroma okoboko,,3 ekegusii vs 2 english,eumbu,Moraa,"September 4, 2019",lughayangu,https://lughayangu.com/ekegusii/eumbu
,I was bitten by a mosquito,3 ekegusii vs 2 english,eumbu,Moraa,"September 4, 2019",lughayangu,https://lughayangu.com/ekegusii/eumbu
,Moraa killed the mosquito biting her hand,3 ekegusii vs 2 english,eumbu,Moraa,"September 4, 2019",lughayangu,https://lughayangu.com/ekegusii/eumbu
one,,2 ekegusii vs 1 english,Eyemo,Purity,"September 7, 2022",lughayangu,https://lughayangu.com/ekegusii/eyemo
basabete bamenteru ensa eyemo gokora egasi,,2 ekegusii vs 1 english,Eyemo,Purity,"September 7, 2022",lughayangu,https://lughayangu.com/ekegusii/eyemo
,They requested an additional one hour to complete their work,2 ekegusii vs 1 english,Eyemo,Purity,"September 7, 2022",lughayangu,https://lughayangu.com/ekegusii/eyemo
two,,2 ekegusii vs 1 english,Ibere,Purity,"September 11, 2022",lughayangu,https://lughayangu.com/ekegusii/ibere
tonyorane chinsa ibere,,2 ekegusii vs 1 english,Ibere,Purity,"September 11, 2022",lughayangu,https://lughayangu.com/ekegusii/ibere
,Let's meet at two,2 ekegusii vs 1 english,Ibere,Purity,"September 11, 2022",lughayangu,https://lughayangu.com/ekegusii/ibere
omwana abeka esani igoro y'emesa,,2 ekegusii vs 4 english,Igoro,Purity,"September 14, 2022",lughayangu,https://lughayangu.com/ekegusii/igoro
Igoro amare,,2 ekegusii vs 4 english,Igoro,Purity,"September 14, 2022",lughayangu,https://lughayangu.com/ekegusii/igoro
,The kid put the plate on the table,2 ekegusii vs 4 english,Igoro,Purity,"September 14, 2022",lughayangu,https://lughayangu.com/ekegusii/igoro
,This is a word used to reference - Yesterday.,2 ekegusii vs 4 english,Igoro,Purity,"September 14, 2022",lughayangu,https://lughayangu.com/ekegusii/igoro
,Can also be used to reference - in space.,2 ekegusii vs 4 english,Igoro,Purity,"September 14, 2022",lughayangu,https://lughayangu.com/ekegusii/igoro
,Igoro gusii nare. (Yesterday I was in Kisii),2 ekegusii vs 4 english,Igoro,Purity,"September 14, 2022",lughayangu,https://lughayangu.com/ekegusii/igoro
Mosani inaki ogendererete,,1 ekegusii vs 2 english,Inaki ogendererete,Purity,"September 7, 2022",lughayangu,https://lughayangu.com/ekegusii/inaki-ogendererete
,How are you doing?,1 ekegusii vs 2 english,Inaki ogendererete,Purity,"September 7, 2022",lughayangu,https://lughayangu.com/ekegusii/inaki-ogendererete
,How are you doing my friend,1 ekegusii vs 2 english,Inaki ogendererete,Purity,"September 7, 2022",lughayangu,https://lughayangu.com/ekegusii/inaki-ogendererete
nine,,2 ekegusii vs 1 english,Kianda,Purity,"September 11, 2022",lughayangu,https://lughayangu.com/ekegusii/kianda
Abwate ebichara kiande ase okoboko okomo,,2 ekegusii vs 1 english,Kianda,Purity,"September 11, 2022",lughayangu,https://lughayangu.com/ekegusii/kianda
,He has nine fingers on one hand,2 ekegusii vs 1 english,Kianda,Purity,"September 11, 2022",lughayangu,https://lughayangu.com/ekegusii/kianda
Inche ngokwana ekegusii,,2 ekegusii vs 1 english,Kisii,Moraa Daisy,"July 22, 2024",lughayangu,https://lughayangu.com/ekegusii/kisii
Moraa Daisy,,2 ekegusii vs 1 english,Kisii,Moraa Daisy,"July 22, 2024",lughayangu,https://lughayangu.com/ekegusii/kisii
,It means kisii language,2 ekegusii vs 1 english,Kisii,Moraa Daisy,"July 22, 2024",lughayangu,https://lughayangu.com/ekegusii/kisii
ekemambi,,2 ekegusii vs 1 english,Mambia,Purity,"July 23, 2026",lughayangu,https://lughayangu.com/ekegusii/mambia
Risase Igo rikobara korwa moocha,,2 ekegusii vs 1 english,Moocha,Daniel Oyuyo,"May 6, 2024",lughayangu,https://lughayangu.com/ekegusii/moocha
,The sun rises from the east.,2 ekegusii vs 1 english,Moocha,Daniel Oyuyo,"May 6, 2024",lughayangu,https://lughayangu.com/ekegusii/moocha
Mosota n'omosoata,,1 ekegusii vs 2 english,Mosota,Purity,"November 7, 2022",lughayangu,https://lughayangu.com/ekegusii/mosota
,Means born when the white people came,1 ekegusii vs 2 english,Mosota,Purity,"November 7, 2022",lughayangu,https://lughayangu.com/ekegusii/mosota
,Mosota is an an albino,1 ekegusii vs 2 english,Mosota,Purity,"November 7, 2022",lughayangu,https://lughayangu.com/ekegusii/mosota
,How was your night,0 ekegusii vs 1 english,Naki obotuko bwao bware,Anonymous,"September 6, 2025",lughayangu,https://lughayangu.com/ekegusii/naki-obotuko-bwao-bware
oyo omosani one naki okorokwa?,,1 ekegusii vs 2 english,Naki okorokwa?,mark deon2,"October 13, 2023",lughayangu,https://lughayangu.com/ekegusii/naki-okorokwa
,what is your name?,1 ekegusii vs 2 english,Naki okorokwa?,mark deon2,"October 13, 2023",lughayangu,https://lughayangu.com/ekegusii/naki-okorokwa
,what is your friend's name?,1 ekegusii vs 2 english,Naki okorokwa?,mark deon2,"October 13, 2023",lughayangu,https://lughayangu.com/ekegusii/naki-okorokwa
Mbuyande,,3 ekegusii vs 1 english,Naki ore,Ann Waithira,"March 8, 2024",lughayangu,https://lughayangu.com/ekegusii/naki-ore
Bwairire? Naki ore?,,3 ekegusii vs 1 english,Naki ore,Ann Waithira,"March 8, 2024",lughayangu,https://lughayangu.com/ekegusii/naki-ore
Ohaga,,3 ekegusii vs 1 english,Naki ore,Ann Waithira,"March 8, 2024",lughayangu,https://lughayangu.com/ekegusii/naki-ore
,Good evening? How are you?!,3 ekegusii vs 1 english,Naki ore,Ann Waithira,"March 8, 2024",lughayangu,https://lughayangu.com/ekegusii/naki-ore
are,,2 ekegusii vs 1 english,Naye,Purity,"September 14, 2022",lughayangu,https://lughayangu.com/ekegusii/naye
aye naye moiseke ominto,,2 ekegusii vs 1 english,Naye,Purity,"September 14, 2022",lughayangu,https://lughayangu.com/ekegusii/naye
,You are my sister,2 ekegusii vs 1 english,Naye,Purity,"September 14, 2022",lughayangu,https://lughayangu.com/ekegusii/naye
ekiagera,,2 ekegusii vs 1 english,Nigo,Purity,"July 23, 2026",lughayangu,https://lughayangu.com/ekegusii/nigo
Nimbwate chibesa,,2 ekegusii vs 0 english,Nimbwate,Bironga Nyauma,"October 17, 2019",lughayangu,https://lughayangu.com/ekegusii/nimbwate
Nimbwate endagera,,2 ekegusii vs 0 english,Nimbwate,Bironga Nyauma,"October 17, 2019",lughayangu,https://lughayangu.com/ekegusii/nimbwate
bwari,,2 ekegusii vs 1 english,Nyabwari,Purity,"July 23, 2026",lughayangu,https://lughayangu.com/ekegusii/nyabwari
Nyabwari nang'ete oboke,,2 ekegusii vs 1 english,Nyabwari,Purity,"July 23, 2026",lughayangu,https://lughayangu.com/ekegusii/nyabwari
,means a good person,2 ekegusii vs 1 english,Nyabwari,Purity,"July 23, 2026",lughayangu,https://lughayangu.com/ekegusii/nyabwari
Nyachae n'omogambi omuya,,1 ekegusii vs 2 english,Nyachae,Purity,"November 7, 2022",lughayangu,https://lughayangu.com/ekegusii/nyachae
,means generous/born near tea bushes,1 ekegusii vs 2 english,Nyachae,Purity,"November 7, 2022",lughayangu,https://lughayangu.com/ekegusii/nyachae
,Nyachae is a good leader,1 ekegusii vs 2 english,Nyachae,Purity,"November 7, 2022",lughayangu,https://lughayangu.com/ekegusii/nyachae
Nyaera narigetwe omotienyi oetete,,1 ekegusii vs 2 english,Nyaera,Purity,"November 6, 2022",lughayangu,https://lughayangu.com/ekegusii/nyaera
,A child named after the cents that had holes in the middle,1 ekegusii vs 2 english,Nyaera,Purity,"November 6, 2022",lughayangu,https://lughayangu.com/ekegusii/nyaera
,Nyaera got employed last month,1 ekegusii vs 2 english,Nyaera,Purity,"November 6, 2022",lughayangu,https://lughayangu.com/ekegusii/nyaera
Nyangweso abwate abana ikomi na inye.,,1 ekegusii vs 2 english,Nyangweso,Purity,"November 6, 2022",lughayangu,https://lughayangu.com/ekegusii/nyangweso
,One born during a period when there was famine,1 ekegusii vs 2 english,Nyangweso,Purity,"November 6, 2022",lughayangu,https://lughayangu.com/ekegusii/nyangweso
,Nyangweso has fourteen children,1 ekegusii vs 2 english,Nyangweso,Purity,"November 6, 2022",lughayangu,https://lughayangu.com/ekegusii/nyangweso
Nyareso oagachire enyomba yerigena,,1 ekegusii vs 2 english,Nyareso,Purity,"November 6, 2022",lughayangu,https://lughayangu.com/ekegusii/nyareso
,A person born during the introduction of 'lesos',1 ekegusii vs 2 english,Nyareso,Purity,"November 6, 2022",lughayangu,https://lughayangu.com/ekegusii/nyareso
,Nyareso has built a permanent house,1 ekegusii vs 2 english,Nyareso,Purity,"November 6, 2022",lughayangu,https://lughayangu.com/ekegusii/nyareso
Nyasae no omuya,,1 ekegusii vs 0 english,Nyasae,Bironga Nyauma,"October 17, 2019",lughayangu,https://lughayangu.com/ekegusii/nyasae
Ruga obokima,,1 ekegusii vs 0 english,Obokima,Bironga Nyauma,"October 17, 2019",lughayangu,https://lughayangu.com/ekegusii/obokima
Gone,,3 ekegusii vs 1 english,Ochire,Bironga Nyauma,"October 17, 2019",lughayangu,https://lughayangu.com/ekegusii/ochire
Omomura ochire,,3 ekegusii vs 1 english,Ochire,Bironga Nyauma,"October 17, 2019",lughayangu,https://lughayangu.com/ekegusii/ochire
#Gone,,3 ekegusii vs 1 english,Ochire,Bironga Nyauma,"October 17, 2019",lughayangu,https://lughayangu.com/ekegusii/ochire
,The boy has gone,3 ekegusii vs 1 english,Ochire,Bironga Nyauma,"October 17, 2019",lughayangu,https://lughayangu.com/ekegusii/ochire
Noo tore igaah tokoaregania enyangi ya Aperi.,,2 ekegusii vs 1 english,Okoaregania,Engubo,"February 15, 2024",lughayangu,https://lughayangu.com/ekegusii/okoaregania
Engubo,,2 ekegusii vs 1 english,Okoaregania,Engubo,"February 15, 2024",lughayangu,https://lughayangu.com/ekegusii/okoaregania
,We are here preparing for Abel's wedding,2 ekegusii vs 1 english,Okoaregania,Engubo,"February 15, 2024",lughayangu,https://lughayangu.com/ekegusii/okoaregania
okorwarigwa,,2 ekegusii vs 1 english,Okobwenia,Purity,"July 23, 2026",lughayangu,https://lughayangu.com/ekegusii/okobwenia
Ekero kwarwarire okorwarigwa n'amariogo,,2 ekegusii vs 1 english,Okobwenia,Purity,"July 23, 2026",lughayangu,https://lughayangu.com/ekegusii/okobwenia
,When sick you are prescribed drugs as treatment,2 ekegusii vs 1 english,Okobwenia,Purity,"July 23, 2026",lughayangu,https://lughayangu.com/ekegusii/okobwenia
Tobwate okoegia ibere,,1 ekegusii vs 2 english,Okoegia,Bironga Nyauma,"March 9, 2020",lughayangu,https://lughayangu.com/ekegusii/okoegia
,Act- one part of a play,1 ekegusii vs 2 english,Okoegia,Bironga Nyauma,"March 9, 2020",lughayangu,https://lughayangu.com/ekegusii/okoegia
,We have two acts,1 ekegusii vs 2 english,Okoegia,Bironga Nyauma,"March 9, 2020",lughayangu,https://lughayangu.com/ekegusii/okoegia
Okobwenia,,2 ekegusii vs 1 english,Okorwarigwa,Purity,"July 23, 2026",lughayangu,https://lughayangu.com/ekegusii/okorwarigwa
Onde taiyo ore mworo buna Omambia,,1 ekegusii vs 2 english,Omambia,Purity,"November 6, 2022",lughayangu,https://lughayangu.com/ekegusii/omambia
,means born early in the morning,1 ekegusii vs 2 english,Omambia,Purity,"November 6, 2022",lughayangu,https://lughayangu.com/ekegusii/omambia
,There is noone as lazy as Omambia,1 ekegusii vs 2 english,Omambia,Purity,"November 6, 2022",lughayangu,https://lughayangu.com/ekegusii/omambia
Omwarimu oria okorokwa Omariba ochire inka,,1 ekegusii vs 2 english,Omariba,Purity,"November 7, 2022",lughayangu,https://lughayangu.com/ekegusii/omariba
,born during rainy season,1 ekegusii vs 2 english,Omariba,Purity,"November 7, 2022",lughayangu,https://lughayangu.com/ekegusii/omariba
,The teacher called Omariba has gone home.,1 ekegusii vs 2 english,Omariba,Purity,"November 7, 2022",lughayangu,https://lughayangu.com/ekegusii/omariba
Omomura oria akorokwa Ombori,,1 ekegusii vs 2 english,Ombori,Purity,"November 7, 2022",lughayangu,https://lughayangu.com/ekegusii/ombori
,means born near goats,1 ekegusii vs 2 english,Ombori,Purity,"November 7, 2022",lughayangu,https://lughayangu.com/ekegusii/ombori
,That boy's name is Ombori,1 ekegusii vs 2 english,Ombori,Purity,"November 7, 2022",lughayangu,https://lughayangu.com/ekegusii/ombori
Omogaka bw'esiko achiete esabari,,1 ekegusii vs 0 english,Omogaka bw'esiko,Purity,"September 6, 2022",lughayangu,https://lughayangu.com/ekegusii/omogaka-bwesiko
Omogakone nandeterete eyanga.,,2 ekegusii vs 1 english,Omogakone,Naom Mokarabu,"March 24, 2024",lughayangu,https://lughayangu.com/ekegusii/omogakone
Naom Mokarabu,,2 ekegusii vs 1 english,Omogakone,Naom Mokarabu,"March 24, 2024",lughayangu,https://lughayangu.com/ekegusii/omogakone
,My husband brought me a cloth.,2 ekegusii vs 1 english,Omogakone,Naom Mokarabu,"March 24, 2024",lughayangu,https://lughayangu.com/ekegusii/omogakone
Omosubati,,3 ekegusii vs 2 english,Omokungu,Purity,"July 23, 2026",lughayangu,https://lughayangu.com/ekegusii/omokungu
Abasubati babegetwe goikaransa ensemo y'okorio ase enyangi ya moisonde,,3 ekegusii vs 2 english,Omokungu,Purity,"July 23, 2026",lughayangu,https://lughayangu.com/ekegusii/omokungu
,All females were seated to the right during the wedding ceremony held the day before yesterday,3 ekegusii vs 2 english,Omokungu,Purity,"July 23, 2026",lughayangu,https://lughayangu.com/ekegusii/omokungu
Omonto oyo nomuya,,4 ekegusii vs 3 english,Omonto,Zedekiah,"September 1, 2022",lughayangu,https://lughayangu.com/ekegusii/omonto
Ntagete omonto oyomo,,4 ekegusii vs 3 english,Omonto,Zedekiah,"September 1, 2022",lughayangu,https://lughayangu.com/ekegusii/omonto
#One,,4 ekegusii vs 3 english,Omonto,Zedekiah,"September 1, 2022",lughayangu,https://lughayangu.com/ekegusii/omonto
omonto obwate enkoro engiya agwanchwa na bonsi,,4 ekegusii vs 3 english,Omonto,Zedekiah,"September 1, 2022",lughayangu,https://lughayangu.com/ekegusii/omonto
,This is a good person,4 ekegusii vs 3 english,Omonto,Zedekiah,"September 1, 2022",lughayangu,https://lughayangu.com/ekegusii/omonto
,I want one person,4 ekegusii vs 3 english,Omonto,Zedekiah,"September 1, 2022",lughayangu,https://lughayangu.com/ekegusii/omonto
,A person with a good heart is loved by all,4 ekegusii vs 3 english,Omonto,Zedekiah,"September 1, 2022",lughayangu,https://lughayangu.com/ekegusii/omonto
Egesieri,,2 ekegusii vs 1 english,Omorangu,Purity,"July 23, 2026",lughayangu,https://lughayangu.com/ekegusii/omorangu
Omosi naetwe na anti orenge gwansa mono,,2 ekegusii vs 1 english,Omosi,Purity,"August 26, 2022",lughayangu,https://lughayangu.com/ekegusii/omosi
Nkoria omosi,,2 ekegusii vs 1 english,Omosi,Purity,"August 26, 2022",lughayangu,https://lughayangu.com/ekegusii/omosi
,The sugarcane my aunt gave me was very sweet,2 ekegusii vs 1 english,Omosi,Purity,"August 26, 2022",lughayangu,https://lughayangu.com/ekegusii/omosi
omosu oria omomwamu noturagetie amagena onsi,,3 ekegusii vs 2 english,Omosu,Purity,"September 6, 2022",lughayangu,https://lughayangu.com/ekegusii/omosu
riororo,,3 ekegusii vs 2 english,Omosu,Purity,"September 6, 2022",lughayangu,https://lughayangu.com/ekegusii/omosu
anyenyete omosu oria otigarete,,3 ekegusii vs 2 english,Omosu,Purity,"September 6, 2022",lughayangu,https://lughayangu.com/ekegusii/omosu
,The black hen hatched all its eggs,3 ekegusii vs 2 english,Omosu,Purity,"September 6, 2022",lughayangu,https://lughayangu.com/ekegusii/omosu
,he slaughtered the remaining hen,3 ekegusii vs 2 english,Omosu,Purity,"September 6, 2022",lughayangu,https://lughayangu.com/ekegusii/omosu
egasi y'omosubati n'enkong'u,,3 ekegusii vs 2 english,Omosubati,Purity,"September 11, 2022",lughayangu,https://lughayangu.com/ekegusii/omosubati
,A woman's job is difficult,3 ekegusii vs 2 english,Omosubati,Purity,"September 11, 2022",lughayangu,https://lughayangu.com/ekegusii/omosubati
Baiyereti omote korosi chibao,,3 ekegusii vs 2 english,Omote,Purity,"September 22, 2022",lughayangu,https://lughayangu.com/ekegusii/omote
Butora Omote oyo.,,3 ekegusii vs 2 english,Omote,Purity,"September 22, 2022",lughayangu,https://lughayangu.com/ekegusii/omote
Oirere,,3 ekegusii vs 2 english,Omote,Purity,"September 22, 2022",lughayangu,https://lughayangu.com/ekegusii/omote
,They fell the tree to make timber,3 ekegusii vs 2 english,Omote,Purity,"September 22, 2022",lughayangu,https://lughayangu.com/ekegusii/omote
,Cut down this tree.,3 ekegusii vs 2 english,Omote,Purity,"September 22, 2022",lughayangu,https://lughayangu.com/ekegusii/omote
Omwana ngochare,,9 ekegusii vs 7 english,omwana,sosimomanyi,"September 25, 2019",lughayangu,https://lughayangu.com/ekegusii/omwana
sosimomanyi,,9 ekegusii vs 7 english,omwana,sosimomanyi,"September 25, 2019",lughayangu,https://lughayangu.com/ekegusii/omwana
Nachire gokuna omwana.,,9 ekegusii vs 7 english,omwana,sosimomanyi,"September 25, 2019",lughayangu,https://lughayangu.com/ekegusii/omwana
Omwana bwa Kerubo akuete,,9 ekegusii vs 7 english,omwana,sosimomanyi,"September 25, 2019",lughayangu,https://lughayangu.com/ekegusii/omwana
Omwana orarire,,9 ekegusii vs 7 english,omwana,sosimomanyi,"September 25, 2019",lughayangu,https://lughayangu.com/ekegusii/omwana
omwana oye mbono are isano nemo,,9 ekegusii vs 7 english,omwana,sosimomanyi,"September 25, 2019",lughayangu,https://lughayangu.com/ekegusii/omwana
omwana o Jacky aatang'anete,,9 ekegusii vs 7 english,omwana,sosimomanyi,"September 25, 2019",lughayangu,https://lughayangu.com/ekegusii/omwana
Mama ateba orende omwana kera asoka,,9 ekegusii vs 7 english,omwana,sosimomanyi,"September 25, 2019",lughayangu,https://lughayangu.com/ekegusii/omwana
Doreen Nyang'ara,,9 ekegusii vs 7 english,omwana,sosimomanyi,"September 25, 2019",lughayangu,https://lughayangu.com/ekegusii/omwana
,Child/a new born/ underage,9 ekegusii vs 7 english,omwana,sosimomanyi,"September 25, 2019",lughayangu,https://lughayangu.com/ekegusii/omwana
,The child is coming,9 ekegusii vs 7 english,omwana,sosimomanyi,"September 25, 2019",lughayangu,https://lughayangu.com/ekegusii/omwana
,Have touched somebody’s child.,9 ekegusii vs 7 english,omwana,sosimomanyi,"September 25, 2019",lughayangu,https://lughayangu.com/ekegusii/omwana
,The child has fallen asleep,9 ekegusii vs 7 english,omwana,sosimomanyi,"September 25, 2019",lughayangu,https://lughayangu.com/ekegusii/omwana
,her child is in class six,9 ekegusii vs 7 english,omwana,sosimomanyi,"September 25, 2019",lughayangu,https://lughayangu.com/ekegusii/omwana
,Jacky's kid came first,9 ekegusii vs 7 english,omwana,sosimomanyi,"September 25, 2019",lughayangu,https://lughayangu.com/ekegusii/omwana
,Mother said to look after the child before leaving,9 ekegusii vs 7 english,omwana,sosimomanyi,"September 25, 2019",lughayangu,https://lughayangu.com/ekegusii/omwana
Onkoba agu inse obuneka okogoro,,1 ekegusii vs 2 english,Onkoba,Purity,"November 6, 2022",lughayangu,https://lughayangu.com/ekegusii/onkoba
,One born when lightning was striking/killing people in Kisii,1 ekegusii vs 2 english,Onkoba,Purity,"November 6, 2022",lughayangu,https://lughayangu.com/ekegusii/onkoba
,Onkoba fell down and broke his leg,1 ekegusii vs 2 english,Onkoba,Purity,"November 6, 2022",lughayangu,https://lughayangu.com/ekegusii/onkoba
Rero ne rituko ringiya,,3 ekegusii vs 2 english,Rero,Bironga Nyauma,"October 17, 2019",lughayangu,https://lughayangu.com/ekegusii/rero
rero obokendu bwabucha,,3 ekegusii vs 2 english,Rero,Bironga Nyauma,"October 17, 2019",lughayangu,https://lughayangu.com/ekegusii/rero
Rero ngochande,,3 ekegusii vs 2 english,Rero,Bironga Nyauma,"October 17, 2019",lughayangu,https://lughayangu.com/ekegusii/rero
,Today is a good day,3 ekegusii vs 2 english,Rero,Bironga Nyauma,"October 17, 2019",lughayangu,https://lughayangu.com/ekegusii/rero
,Its too cold today,3 ekegusii vs 2 english,Rero,Bironga Nyauma,"October 17, 2019",lughayangu,https://lughayangu.com/ekegusii/rero
Omosu,,2 ekegusii vs 1 english,Riororo,Purity,"July 23, 2026",lughayangu,https://lughayangu.com/ekegusii/riororo
amasosa,,2 ekegusii vs 1 english,Risosa,Purity,"July 23, 2026",lughayangu,https://lughayangu.com/ekegusii/risosaamasosa
babaganete risosa,,2 ekegusii vs 1 english,Risosa,Purity,"July 23, 2026",lughayangu,https://lughayangu.com/ekegusii/risosaamasosa
,They shared the pumpkin leaves amongt themselves,2 ekegusii vs 1 english,Risosa,Purity,"July 23, 2026",lughayangu,https://lughayangu.com/ekegusii/risosaamasosa
A banana.,,7 ekegusii vs 4 english,Ritoke,wakaliwao,"August 12, 2019",lughayangu,https://lughayangu.com/ekegusii/ritoke
Ritoke riagechirwe.,,7 ekegusii vs 4 english,Ritoke,wakaliwao,"August 12, 2019",lughayangu,https://lughayangu.com/ekegusii/ritoke
Banana,,7 ekegusii vs 4 english,Ritoke,wakaliwao,"August 12, 2019",lughayangu,https://lughayangu.com/ekegusii/ritoke
Ritoke eri nerigiya,,7 ekegusii vs 4 english,Ritoke,wakaliwao,"August 12, 2019",lughayangu,https://lughayangu.com/ekegusii/ritoke
Omomura ominto agorete ritoke rigima,,7 ekegusii vs 4 english,Ritoke,wakaliwao,"August 12, 2019",lughayangu,https://lughayangu.com/ekegusii/ritoke
Kae omwana ritoke,,7 ekegusii vs 4 english,Ritoke,wakaliwao,"August 12, 2019",lughayangu,https://lughayangu.com/ekegusii/ritoke
,A banana which has been cut.,7 ekegusii vs 4 english,Ritoke,wakaliwao,"August 12, 2019",lughayangu,https://lughayangu.com/ekegusii/ritoke
,This banana is good,7 ekegusii vs 4 english,Ritoke,wakaliwao,"August 12, 2019",lughayangu,https://lughayangu.com/ekegusii/ritoke
,My brother bought the entire banana,7 ekegusii vs 4 english,Ritoke,wakaliwao,"August 12, 2019",lughayangu,https://lughayangu.com/ekegusii/ritoke
,Give the child a banana,7 ekegusii vs 4 english,Ritoke,wakaliwao,"August 12, 2019",lughayangu,https://lughayangu.com/ekegusii/ritoke
Rituko ki?,,2 ekegusii vs 1 english,Rituko,Bironga Nyauma,"October 17, 2019",lughayangu,https://lughayangu.com/ekegusii/rituko
Barwanete rituko ri'omoerio ri'esukuru,,2 ekegusii vs 1 english,Rituko,Bironga Nyauma,"October 17, 2019",lughayangu,https://lughayangu.com/ekegusii/rituko
,They fought on the last day of school,2 ekegusii vs 1 english,Rituko,Bironga Nyauma,"October 17, 2019",lughayangu,https://lughayangu.com/ekegusii/rituko
Orange,,2 ekegusii vs 1 english,Ritunda riororo,Purity,"September 1, 2022",lughayangu,https://lughayangu.com/ekegusii/ritunda-riororo
omorwaire ariete ritunda riororo,,2 ekegusii vs 1 english,Ritunda riororo,Purity,"September 1, 2022",lughayangu,https://lughayangu.com/ekegusii/ritunda-riororo
,The patient ate an orange,2 ekegusii vs 1 english,Ritunda riororo,Purity,"September 1, 2022",lughayangu,https://lughayangu.com/ekegusii/ritunda-riororo
Bone,,3 ekegusii vs 2 english,Riuga,Purity,"August 26, 2022",lughayangu,https://lughayangu.com/ekegusii/riuga
Riuga ri'omokono ndire rinene kobua eri'egechara,,3 ekegusii vs 2 english,Riuga,Purity,"August 26, 2022",lughayangu,https://lughayangu.com/ekegusii/riuga
omwana aetwe riuga ribariri,,3 ekegusii vs 2 english,Riuga,Purity,"August 26, 2022",lughayangu,https://lughayangu.com/ekegusii/riuga
,The bone that makes up the arm is longer that the finger's,3 ekegusii vs 2 english,Riuga,Purity,"August 26, 2022",lughayangu,https://lughayangu.com/ekegusii/riuga
,the kid was given a red flower,3 ekegusii vs 2 english,Riuga,Purity,"August 26, 2022",lughayangu,https://lughayangu.com/ekegusii/riuga
Rwana bono,,3 ekegusii vs 0 english,Rwana,Bernard Momanyi Nyagaka,"February 9, 2023",lughayangu,https://lughayangu.com/ekegusii/rwana
By Bernard Momanyi Nyagaka,,3 ekegusii vs 0 english,Rwana,Bernard Momanyi Nyagaka,"February 9, 2023",lughayangu,https://lughayangu.com/ekegusii/rwana
Bernard Momanyi Nyagaka,,3 ekegusii vs 0 english,Rwana,Bernard Momanyi Nyagaka,"February 9, 2023",lughayangu,https://lughayangu.com/ekegusii/rwana
Tara gocha,,1 ekegusii vs 0 english,Tara,Anonymous,"July 30, 2023",lughayangu,https://lughayangu.com/ekegusii/tara
Tema amaswari yonsi,,1 ekegusii vs 0 english,Tema,Bironga Nyauma,"March 9, 2020",lughayangu,https://lughayangu.com/ekegusii/tema
Minti tore kianda,,2 ekegusii vs 1 english,Tore,Purity,"September 14, 2022",lughayangu,https://lughayangu.com/ekegusii/tore
,we are nine in our house,2 ekegusii vs 1 english,Tore,Purity,"September 14, 2022",lughayangu,https://lughayangu.com/ekegusii/tore
ndetere eyanga yane,,1 ekegusii vs 0 english,Yane,Purity,"September 14, 2022",lughayangu,https://lughayangu.com/ekegusii/yane
Orire omogate yonsi,,1 ekegusii vs 2 english,Yonsi,Bironga Nyauma,"March 9, 2020",lughayangu,https://lughayangu.com/ekegusii/yonsi
,All- whole of something,1 ekegusii vs 2 english,Yonsi,Bironga Nyauma,"March 9, 2020",lughayangu,https://lughayangu.com/ekegusii/yonsi
,He has eaten all the bread,1 ekegusii vs 2 english,Yonsi,Bironga Nyauma,"March 9, 2020",lughayangu,https://lughayangu.com/ekegusii/yonsi
