ekegusii,english,headword,contributor,date,source,url
Abana,Children,Abana,Bironga Nyauma,"October 17, 2019",lughayangu,https://lughayangu.com/ekegusii/abana
Abana,#children,Abana,Bironga Nyauma,"October 17, 2019",lughayangu,https://lughayangu.com/ekegusii/abana
Abana,#School,Abana,Bironga Nyauma,"October 17, 2019",lughayangu,https://lughayangu.com/ekegusii/abana
Abanto,People,Abanto,Bironga Nyauma,"October 17, 2019",lughayangu,https://lughayangu.com/ekegusii/abanto
Abanto,People of God,Abanto,Bironga Nyauma,"October 17, 2019",lughayangu,https://lughayangu.com/ekegusii/abanto
Abanto,#People,Abanto,Bironga Nyauma,"October 17, 2019",lughayangu,https://lughayangu.com/ekegusii/abanto
Abanto,#God,Abanto,Bironga Nyauma,"October 17, 2019",lughayangu,https://lughayangu.com/ekegusii/abanto
Abasae,youth,Abasae,Purity,"September 6, 2022",lughayangu,https://lughayangu.com/ekegusii/abasae
Abasesenie,Bless you,Abasesenie,Bironga Nyauma,"October 17, 2019",lughayangu,https://lughayangu.com/ekegusii/abasesenie
Abasesenie,God bless you,Abasesenie,Bironga Nyauma,"October 17, 2019",lughayangu,https://lughayangu.com/ekegusii/abasesenie
Abasesenie,#God,Abasesenie,Bironga Nyauma,"October 17, 2019",lughayangu,https://lughayangu.com/ekegusii/abasesenie
Abasesenie,#Bless,Abasesenie,Bironga Nyauma,"October 17, 2019",lughayangu,https://lughayangu.com/ekegusii/abasesenie
Amaa,Lungs,Amaa,Purity,"August 26, 2022",lughayangu,https://lughayangu.com/ekegusii/amaa
Amabere,milk,Amabere,Purity,"September 11, 2022",lughayangu,https://lughayangu.com/ekegusii/amabere
Amabere,"July 14, 2023",Amabere,Purity,"September 11, 2022",lughayangu,https://lughayangu.com/ekegusii/amabere
Amache,Water,Amache,Bironga Nyauma,"October 17, 2019",lughayangu,https://lughayangu.com/ekegusii/amache
Amache,#Water,Amache,Bironga Nyauma,"October 17, 2019",lughayangu,https://lughayangu.com/ekegusii/amache
Amache,#enough,Amache,Bironga Nyauma,"October 17, 2019",lughayangu,https://lughayangu.com/ekegusii/amache
Amache,Bring me water,Amache,Bironga Nyauma,"October 17, 2019",lughayangu,https://lughayangu.com/ekegusii/amache
Amache,"November 28, 2023",Amache,Bironga Nyauma,"October 17, 2019",lughayangu,https://lughayangu.com/ekegusii/amache
Amache,Water is clear.,Amache,Bironga Nyauma,"October 17, 2019",lughayangu,https://lughayangu.com/ekegusii/amache
Amache,By Hero,Amache,Bironga Nyauma,"October 17, 2019",lughayangu,https://lughayangu.com/ekegusii/amache
Amache,"November 30, 2023",Amache,Bironga Nyauma,"October 17, 2019",lughayangu,https://lughayangu.com/ekegusii/amache
Amachiko,rules,Amachiko,robertny,"October 10, 2019",lughayangu,https://lughayangu.com/ekegusii/amachiko
Amachiko,read the rules,Amachiko,robertny,"October 10, 2019",lughayangu,https://lughayangu.com/ekegusii/amachiko
Amachiko,#Rules,Amachiko,robertny,"October 10, 2019",lughayangu,https://lughayangu.com/ekegusii/amachiko
Amachiko,"October 10, 2019",Amachiko,robertny,"October 10, 2019",lughayangu,https://lughayangu.com/ekegusii/amachiko
Amagana atano,five hundred,Amagana atano,Purity,"September 6, 2022",lughayangu,https://lughayangu.com/ekegusii/amagana-atano
Amage,footrot,Amage,Purity,"October 24, 2022",lughayangu,https://lughayangu.com/ekegusii/amage
Amagena,Eggs,Amagena,Bironga Nyauma,"October 17, 2019",lughayangu,https://lughayangu.com/ekegusii/amagena
Amagena,#eggs,Amagena,Bironga Nyauma,"October 17, 2019",lughayangu,https://lughayangu.com/ekegusii/amagena
Amagena y'embura,hailstones,Amagena y'embura,Purity,"September 7, 2022",lughayangu,https://lughayangu.com/ekegusii/amagena-yembura
Amaiso,Eyes,Amaiso,Anonymous,"December 17, 2024",lughayangu,https://lughayangu.com/ekegusii/amaiso
Amaiso,"December 17, 2024",Amaiso,Anonymous,"December 17, 2024",lughayangu,https://lughayangu.com/ekegusii/amaiso
Amakweri,death,Amakweri,Purity,"September 7, 2022",lughayangu,https://lughayangu.com/ekegusii/amakweri
Amanagu,black nightshade,Amanagu,Purity,"September 22, 2022",lughayangu,https://lughayangu.com/ekegusii/amanagu
Amang'ana,Words,Amang'ana,Bironga Nyauma,"October 17, 2019",lughayangu,https://lughayangu.com/ekegusii/amangana
Amang'ana,#words,Amang'ana,Bironga Nyauma,"October 17, 2019",lughayangu,https://lughayangu.com/ekegusii/amangana
Amanyinga,blood,Amanyinga,Purity,"September 1, 2022",lughayangu,https://lughayangu.com/ekegusii/amanyinga
Amapenzi,Love/affection,Amapenzi,ESTHER,"February 21, 2025",lughayangu,https://lughayangu.com/ekegusii/amapenzi
Amapenzi,By ESTHER,Amapenzi,ESTHER,"February 21, 2025",lughayangu,https://lughayangu.com/ekegusii/amapenzi
Amapenzi,ESTHER,Amapenzi,ESTHER,"February 21, 2025",lughayangu,https://lughayangu.com/ekegusii/amapenzi
Amapenzi,"February 21, 2025",Amapenzi,ESTHER,"February 21, 2025",lughayangu,https://lughayangu.com/ekegusii/amapenzi
Amara,Intestines,Amara,Purity,"August 26, 2022",lughayangu,https://lughayangu.com/ekegusii/amara
Amara amanene,colon,Amara amanene,Purity,"September 1, 2022",lughayangu,https://lughayangu.com/ekegusii/amara-amanene
Amaru,Alcohol,Amaru,Bironga Nyauma,"October 17, 2019",lughayangu,https://lughayangu.com/ekegusii/amaru
Amaru,#children,Amaru,Bironga Nyauma,"October 17, 2019",lughayangu,https://lughayangu.com/ekegusii/amaru
Amaru,#Alcohol,Amaru,Bironga Nyauma,"October 17, 2019",lughayangu,https://lughayangu.com/ekegusii/amaru
Amatiende,elephantiasis,Amatiende,Purity,"October 24, 2022",lughayangu,https://lughayangu.com/ekegusii/amatiende
Ande onsi,Anywhere,Ande onsi,Bironga Nyauma,"March 9, 2020",lughayangu,https://lughayangu.com/ekegusii/ande-onsi
Ande onsi,#do not,Ande onsi,Bironga Nyauma,"March 9, 2020",lughayangu,https://lughayangu.com/ekegusii/ande-onsi
Ande onsi,#Shoes,Ande onsi,Bironga Nyauma,"March 9, 2020",lughayangu,https://lughayangu.com/ekegusii/ande-onsi
Ande onsi,#anywhere,Ande onsi,Bironga Nyauma,"March 9, 2020",lughayangu,https://lughayangu.com/ekegusii/ande-onsi
Aria,there,Aria,Purity,"September 14, 2022",lughayangu,https://lughayangu.com/ekegusii/aria
Aye/inwe(plural),you,Aye/inwe(plural),Purity,"September 14, 2022",lughayangu,https://lughayangu.com/ekegusii/ayeinweplural
Aye/inwe(plural),You are liars,Aye/inwe(plural),Purity,"September 14, 2022",lughayangu,https://lughayangu.com/ekegusii/ayeinweplural
Barabwo,they,Barabwo,Purity,"September 14, 2022",lughayangu,https://lughayangu.com/ekegusii/barabwo
Barabwo,they cooked yesterday,Barabwo,Purity,"September 14, 2022",lughayangu,https://lughayangu.com/ekegusii/barabwo
Bobe,Wrongly,Bobe,Bironga Nyauma,"March 9, 2020",lughayangu,https://lughayangu.com/ekegusii/bobe
Bobe,#written,Bobe,Bironga Nyauma,"March 9, 2020",lughayangu,https://lughayangu.com/ekegusii/bobe
Bobe,#Wrong,Bobe,Bironga Nyauma,"March 9, 2020",lughayangu,https://lughayangu.com/ekegusii/bobe
Buya,Good/very well,Buya,Moraa,"September 4, 2019",lughayangu,https://lughayangu.com/ekegusii/buya
Buya,Remain well,Buya,Moraa,"September 4, 2019",lughayangu,https://lughayangu.com/ekegusii/buya
Buya,#Well,Buya,Moraa,"September 4, 2019",lughayangu,https://lughayangu.com/ekegusii/buya
Buya,By Moraa,Buya,Moraa,"September 4, 2019",lughayangu,https://lughayangu.com/ekegusii/buya
Buya,"September 4, 2019",Buya,Moraa,"September 4, 2019",lughayangu,https://lughayangu.com/ekegusii/buya
Bwairire,Good evening.,Bwairire,Obiri,"July 23, 2019",lughayangu,https://lughayangu.com/ekegusii/bwairire
Bwairire,#Good evening,Bwairire,Obiri,"July 23, 2019",lughayangu,https://lughayangu.com/ekegusii/bwairire
Bwairire,#Good afternoon,Bwairire,Obiri,"July 23, 2019",lughayangu,https://lughayangu.com/ekegusii/bwairire
Bwairire,Good evening,Bwairire,Obiri,"July 23, 2019",lughayangu,https://lughayangu.com/ekegusii/bwairire
Bwairire,"February 10, 2024",Bwairire,Obiri,"July 23, 2019",lughayangu,https://lughayangu.com/ekegusii/bwairire
Bwakire,Good morning?,Bwakire,Obiri,"July 23, 2019",lughayangu,https://lughayangu.com/ekegusii/bwakire
Bwakire,Good morning,Bwakire,Obiri,"July 23, 2019",lughayangu,https://lughayangu.com/ekegusii/bwakire
Bwakire,#Good morning,Bwakire,Obiri,"July 23, 2019",lughayangu,https://lughayangu.com/ekegusii/bwakire
Bwakire,By Issstephaniee,Bwakire,Obiri,"July 23, 2019",lughayangu,https://lughayangu.com/ekegusii/bwakire
Bwakire,Issstephaniee,Bwakire,Obiri,"July 23, 2019",lughayangu,https://lughayangu.com/ekegusii/bwakire
Bwakire,"January 4, 2024",Bwakire,Obiri,"July 23, 2019",lughayangu,https://lughayangu.com/ekegusii/bwakire
Bwakire,"February 1, 2024",Bwakire,Obiri,"July 23, 2019",lughayangu,https://lughayangu.com/ekegusii/bwakire
Bwakire,Joe bleidy cyborg,Bwakire,Obiri,"July 23, 2019",lughayangu,https://lughayangu.com/ekegusii/bwakire
Bwakire,"June 3, 2025",Bwakire,Obiri,"July 23, 2019",lughayangu,https://lughayangu.com/ekegusii/bwakire
Bwakire,Good morning mom/grandmother,Bwakire,Obiri,"July 23, 2019",lughayangu,https://lughayangu.com/ekegusii/bwakire
Bwakire,"April 23, 2026",Bwakire,Obiri,"July 23, 2019",lughayangu,https://lughayangu.com/ekegusii/bwakire
Bwari,By Lenah Isaboke,Bwari,Lenah Isaboke,"March 29, 2024",lughayangu,https://lughayangu.com/ekegusii/bwari
Bwari,Lenah Isaboke,Bwari,Lenah Isaboke,"March 29, 2024",lughayangu,https://lughayangu.com/ekegusii/bwari
Bwari,"March 29, 2024",Bwari,Lenah Isaboke,"March 29, 2024",lughayangu,https://lughayangu.com/ekegusii/bwari
chibesa,Money,chibesa,robertny,"July 18, 2019",lughayangu,https://lughayangu.com/ekegusii/chibesa
chibesa,#Money,chibesa,robertny,"July 18, 2019",lughayangu,https://lughayangu.com/ekegusii/chibesa
chibesa,#have,chibesa,robertny,"July 18, 2019",lughayangu,https://lughayangu.com/ekegusii/chibesa
chibesa,"July 18, 2019",chibesa,robertny,"July 18, 2019",lughayangu,https://lughayangu.com/ekegusii/chibesa
chibesa,Give me money,chibesa,robertny,"July 18, 2019",lughayangu,https://lughayangu.com/ekegusii/chibesa
chibesa,# give,chibesa,robertny,"July 18, 2019",lughayangu,https://lughayangu.com/ekegusii/chibesa
Chibirioni ibere,two billion,Chibirioni ibere,Purity,"September 11, 2022",lughayangu,https://lughayangu.com/ekegusii/chibirioni-ibere
Chidengu,green grams,Chidengu,Purity,"September 22, 2022",lughayangu,https://lughayangu.com/ekegusii/chidengu
Chidengu,lentils,Chidengu,Purity,"September 22, 2022",lughayangu,https://lughayangu.com/ekegusii/chidengu
Chimbisi,peas,Chimbisi,Purity,"September 22, 2022",lughayangu,https://lughayangu.com/ekegusii/chimbisi
Chimboga,pig weed,Chimboga,Purity,"September 22, 2022",lughayangu,https://lughayangu.com/ekegusii/chimboga
Chinchugu,groundnuts,Chinchugu,Purity,"September 22, 2022",lughayangu,https://lughayangu.com/ekegusii/chinchugu
Chinchugu,They planted groundnuts,Chinchugu,Purity,"September 22, 2022",lughayangu,https://lughayangu.com/ekegusii/chinchugu
Chinduma,arrow root,Chinduma,Purity,"September 22, 2022",lughayangu,https://lughayangu.com/ekegusii/chinduma
Ching'ende,Beans,Ching'ende,Purity,"August 26, 2022",lughayangu,https://lughayangu.com/ekegusii/chingende
Ching'ende chia lablab,lablab beans,Ching'ende chia lablab,Purity,"September 22, 2022",lughayangu,https://lughayangu.com/ekegusii/chingende-chia-lablab
Ching'ende chia lima,lima beans,Ching'ende chia lima,Purity,"September 22, 2022",lughayangu,https://lughayangu.com/ekegusii/chingende-chia-lima
Ching'ende mwamu,black beans,Ching'ende mwamu,Purity,"September 22, 2022",lughayangu,https://lughayangu.com/ekegusii/chingende-mwamu
Ching'endo,culture,Ching'endo,Purity,"September 7, 2022",lughayangu,https://lughayangu.com/ekegusii/chingendo
Ching'eni,vegetables,Ching'eni,Purity,"September 22, 2022",lughayangu,https://lughayangu.com/ekegusii/chingeni
Chingero,Music,Chingero,Purity,"September 6, 2022",lughayangu,https://lughayangu.com/ekegusii/chingero
Ching'ondi,sheep,Ching'ondi,Purity,"September 6, 2022",lughayangu,https://lughayangu.com/ekegusii/chingondi
Chinkegeta,hookworm,Chinkegeta,Purity,"October 24, 2022",lughayangu,https://lughayangu.com/ekegusii/chinkegeta
Chinkina nkuna,"April 24, 2023",Chinkina nkuna,Anonymous,"April 24, 2023",lughayangu,https://lughayangu.com/ekegusii/chinkina-nkuna
Chinkondi,Pretenders,Chinkondi,Anonymous,"November 15, 2022",lughayangu,https://lughayangu.com/ekegusii/chinkondi
Chinkondi,"November 15, 2022",Chinkondi,Anonymous,"November 15, 2022",lughayangu,https://lughayangu.com/ekegusii/chinkondi
Chinsaga,spider plant,Chinsaga,Purity,"September 22, 2022",lughayangu,https://lughayangu.com/ekegusii/chinsaga
Chinsiaga,napier grass,Chinsiaga,Purity,"September 22, 2022",lughayangu,https://lughayangu.com/ekegusii/chinsiaga
Chintobo,sodom apple,Chintobo,Purity,"September 22, 2022",lughayangu,https://lughayangu.com/ekegusii/chintobo
Chinyeke,grains,Chinyeke,Purity,"September 22, 2022",lughayangu,https://lughayangu.com/ekegusii/chinyeke
Chinyeke chi'egesare,cowpea,Chinyeke chi'egesare,Purity,"September 22, 2022",lughayangu,https://lughayangu.com/ekegusii/chinyeke-chiegesare
Chiria,those,Chiria,Purity,"September 14, 2022",lughayangu,https://lughayangu.com/ekegusii/chiria
Chiribu amagana atano,five hundred thousand,Chiribu amagana atano,Purity,"September 11, 2022",lughayangu,https://lughayangu.com/ekegusii/chiribu-amagana-atano
Chiribu ibere,Two thousand,Chiribu ibere,Purity,"August 26, 2022",lughayangu,https://lughayangu.com/ekegusii/chiribu-ibere
Chisabibu,grapes,Chisabibu,Purity,"September 1, 2022",lughayangu,https://lughayangu.com/ekegusii/chisabibu
Chitariki,By Benzoic prutas,Chitariki,Purity,"August 26, 2022",lughayangu,https://lughayangu.com/ekegusii/chitariki
Chitariki,Benzoic prutas,Chitariki,Purity,"August 26, 2022",lughayangu,https://lughayangu.com/ekegusii/chitariki
Chitariki,"February 19, 2023",Chitariki,Purity,"August 26, 2022",lughayangu,https://lughayangu.com/ekegusii/chitariki
Chitririoni isano isato,Eight Trillion,Chitririoni isano isato,Purity,"September 11, 2022",lughayangu,https://lughayangu.com/ekegusii/chitririoni-isano-isato
Ebachu,Hip,Ebachu,Purity,"August 26, 2022",lughayangu,https://lughayangu.com/ekegusii/ebachu
Ebichambura,Java plum,Ebichambura,Purity,"August 26, 2022",lughayangu,https://lughayangu.com/ekegusii/ebichambura
Ebiranguati,african star apple,Ebiranguati,Purity,"August 30, 2022",lughayangu,https://lughayangu.com/ekegusii/ebiranguati
Ebituse,Patchy,Ebituse,Purity,"August 26, 2022",lughayangu,https://lughayangu.com/ekegusii/ebituse
Egechara,Finger,Egechara,Purity,"August 26, 2022",lughayangu,https://lughayangu.com/ekegusii/egechara
Egechuchu,chick,Egechuchu,Purity,"August 30, 2022",lughayangu,https://lughayangu.com/ekegusii/egechuchu
Egechuchu,By Benzoic prutas,Egechuchu,Purity,"August 30, 2022",lughayangu,https://lughayangu.com/ekegusii/egechuchu
Egechuchu,Benzoic prutas,Egechuchu,Purity,"August 30, 2022",lughayangu,https://lughayangu.com/ekegusii/egechuchu
Egechuchu,"February 19, 2023",Egechuchu,Purity,"August 30, 2022",lughayangu,https://lughayangu.com/ekegusii/egechuchu
Egeita,Open the gate,Egeita,Anonymous,"February 15, 2024",lughayangu,https://lughayangu.com/ekegusii/egeita
Egeita,"February 15, 2024",Egeita,Anonymous,"February 15, 2024",lughayangu,https://lughayangu.com/ekegusii/egeita
Egekoba,lip,Egekoba,Purity,"September 1, 2022",lughayangu,https://lughayangu.com/ekegusii/egekoba
Egekondo,colobus,Egekondo,Purity,"August 30, 2022",lughayangu,https://lughayangu.com/ekegusii/egekondo
Egekondo,monkey,Egekondo,Purity,"August 30, 2022",lughayangu,https://lughayangu.com/ekegusii/egekondo
Egekonyi,Wrist,Egekonyi,Purity,"August 26, 2022",lughayangu,https://lughayangu.com/ekegusii/egekonyi
Egekungu,female,Egekungu,Purity,"July 23, 2026",lughayangu,https://lughayangu.com/ekegusii/egekungu
Egesabo,branch,Egesabo,Purity,"September 22, 2022",lughayangu,https://lughayangu.com/ekegusii/egesabo
Egesanda,calabash,Egesanda,Purity,"September 22, 2022",lughayangu,https://lughayangu.com/ekegusii/egesanda
Egesare,Cowpeas leaves,Egesare,Purity,"September 22, 2022",lughayangu,https://lughayangu.com/ekegusii/egesare
Egesase,grasshopper,Egesase,Purity,"August 30, 2022",lughayangu,https://lughayangu.com/ekegusii/egesase
Egesieri,door,Egesieri,Purity,"July 23, 2026",lughayangu,https://lughayangu.com/ekegusii/egesieri
Egesire,Axe,Egesire,Zedekiah,"September 3, 2022",lughayangu,https://lughayangu.com/ekegusii/egesire
Egesire,"September 3, 2022",Egesire,Zedekiah,"September 3, 2022",lughayangu,https://lughayangu.com/ekegusii/egesire
Egesiriri,Cricket,Egesiriri,Purity,"August 26, 2022",lughayangu,https://lughayangu.com/ekegusii/egesiriri
Egesunte gia masaba,december,Egesunte gia masaba,Purity,"September 11, 2022",lughayangu,https://lughayangu.com/ekegusii/egesunte-gia-masaba
Egesusu,rabbit,Egesusu,Purity,"September 11, 2022",lughayangu,https://lughayangu.com/ekegusii/egesusu
Egesusu,hare,Egesusu,Purity,"September 11, 2022",lughayangu,https://lughayangu.com/ekegusii/egesusu
Egetanda,bed,Egetanda,Purity,"September 7, 2022",lughayangu,https://lughayangu.com/ekegusii/egetanda
Ekagwa,Coffee,Ekagwa,Ed,"August 2, 2026",lughayangu,https://lughayangu.com/ekegusii/ekagwa
Ekagwa,By Ed,Ekagwa,Ed,"August 2, 2026",lughayangu,https://lughayangu.com/ekegusii/ekagwa
Ekagwa,"August 2, 2026",Ekagwa,Ed,"August 2, 2026",lughayangu,https://lughayangu.com/ekegusii/ekagwa
Ekahawa,coffee,Ekahawa,Purity,"September 22, 2022",lughayangu,https://lughayangu.com/ekegusii/ekahawa
Ekayaba,kei apple,Ekayaba,Purity,"September 22, 2022",lughayangu,https://lughayangu.com/ekegusii/ekayaba
Ekebwe,Jackal,Ekebwe,Purity,"August 26, 2022",lughayangu,https://lughayangu.com/ekegusii/ekebwe
Ekegangwa,Caterpillar 🐛,Ekegangwa,Micah Gesaka,"June 26, 2023",lughayangu,https://lughayangu.com/ekegusii/ekegangwa
Ekegangwa,By Micah Gesaka,Ekegangwa,Micah Gesaka,"June 26, 2023",lughayangu,https://lughayangu.com/ekegusii/ekegangwa
Ekegangwa,Micah Gesaka,Ekegangwa,Micah Gesaka,"June 26, 2023",lughayangu,https://lughayangu.com/ekegusii/ekegangwa
Ekegokoro,Elbow,Ekegokoro,Purity,"August 26, 2022",lughayangu,https://lughayangu.com/ekegusii/ekegokoro
Ekemambi,"October 11, 2021",Ekemambi,Anonymous,"October 11, 2021",lughayangu,https://lughayangu.com/ekegusii/ekemambi
Ekemambi,morning,Ekemambi,Anonymous,"October 11, 2021",lughayangu,https://lughayangu.com/ekegusii/ekemambi
Ekemanchingi,highly graceful,Ekemanchingi,ALECKY,"July 10, 2023",lughayangu,https://lughayangu.com/ekegusii/ekemanchingi
Ekemanchingi,By ALECKY,Ekemanchingi,ALECKY,"July 10, 2023",lughayangu,https://lughayangu.com/ekegusii/ekemanchingi
Ekemanchingi,ALECKY,Ekemanchingi,ALECKY,"July 10, 2023",lughayangu,https://lughayangu.com/ekegusii/ekemanchingi
Ekemanchingi,"July 10, 2023",Ekemanchingi,ALECKY,"July 10, 2023",lughayangu,https://lughayangu.com/ekegusii/ekemanchingi
Ekemeria,weed,Ekemeria,Purity,"September 22, 2022",lughayangu,https://lughayangu.com/ekegusii/ekemeria
Ekemeria ki'amache,water hyacinth,Ekemeria ki'amache,Purity,"September 22, 2022",lughayangu,https://lughayangu.com/ekegusii/ekemeria-kiamache
Ekemogamogi,black jack,Ekemogamogi,Purity,"September 22, 2022",lughayangu,https://lughayangu.com/ekegusii/ekemogamogi
Ekemoni,cat,Ekemoni,peter ongera,"March 23, 2025",lughayangu,https://lughayangu.com/ekegusii/ekemoni
Ekemoni,By peter ongera,Ekemoni,peter ongera,"March 23, 2025",lughayangu,https://lughayangu.com/ekegusii/ekemoni
Ekemoni,peter ongera,Ekemoni,peter ongera,"March 23, 2025",lughayangu,https://lughayangu.com/ekegusii/ekemoni
Ekemoni,"March 23, 2025",Ekemoni,peter ongera,"March 23, 2025",lughayangu,https://lughayangu.com/ekegusii/ekemoni
Ekeng'ore,The silen,Ekeng'ore,Annah,"June 26, 2023",lughayangu,https://lughayangu.com/ekegusii/ekengore
Ekeng'werere,baby,Ekeng'werere,Purity,"September 7, 2022",lughayangu,https://lughayangu.com/ekegusii/ekengwerere
Ekenyamnyonge,Squirrel,Ekenyamnyonge,Purity,"August 26, 2022",lughayangu,https://lughayangu.com/ekegusii/ekenyamnyonge
Ekenyinyiro,chin,Ekenyinyiro,Purity,"August 30, 2022",lughayangu,https://lughayangu.com/ekegusii/ekenyinyiro
Ekerama,roof,Ekerama,Purity,"September 11, 2022",lughayangu,https://lughayangu.com/ekegusii/ekerama
Ekerema,cripple,Ekerema,Purity,"October 24, 2022",lughayangu,https://lughayangu.com/ekegusii/ekerema
Ekero,when,Ekero,Purity,"September 14, 2022",lughayangu,https://lughayangu.com/ekegusii/ekero
Ekerombeta,Flea,Ekerombeta,Purity,"August 26, 2022",lughayangu,https://lughayangu.com/ekegusii/ekerombeta
Ekiagera,Because,Ekiagera,Bironga Nyauma,"October 17, 2019",lughayangu,https://lughayangu.com/ekegusii/ekiagera
Ekiagera,#because,Ekiagera,Bironga Nyauma,"October 17, 2019",lughayangu,https://lughayangu.com/ekegusii/ekiagera
Ekiagera,#Leave,Ekiagera,Bironga Nyauma,"October 17, 2019",lughayangu,https://lughayangu.com/ekegusii/ekiagera
Ekiagera,#Sleep,Ekiagera,Bironga Nyauma,"October 17, 2019",lughayangu,https://lughayangu.com/ekegusii/ekiagera
Ekiagera,for,Ekiagera,Bironga Nyauma,"October 17, 2019",lughayangu,https://lughayangu.com/ekegusii/ekiagera
Ekiombe,club,Ekiombe,Purity,"September 6, 2022",lughayangu,https://lughayangu.com/ekegusii/ekiombe
Embeo,Air,Embeo,Bironga Nyauma,"March 9, 2020",lughayangu,https://lughayangu.com/ekegusii/embeo
Embeo,#lets,Embeo,Bironga Nyauma,"March 9, 2020",lughayangu,https://lughayangu.com/ekegusii/embeo
Embeo,#Outside,Embeo,Bironga Nyauma,"March 9, 2020",lughayangu,https://lughayangu.com/ekegusii/embeo
Embeo,#air,Embeo,Bironga Nyauma,"March 9, 2020",lughayangu,https://lughayangu.com/ekegusii/embeo
Embogo,Tsetse fly,Embogo,Purity,"August 26, 2022",lughayangu,https://lughayangu.com/ekegusii/embogo
Embong'i,ankle,Embong'i,Purity,"September 1, 2022",lughayangu,https://lughayangu.com/ekegusii/embongi
Embura,Rain,Embura,Bironga Nyauma,"October 17, 2019",lughayangu,https://lughayangu.com/ekegusii/embura
Embura,It is raining,Embura,Bironga Nyauma,"October 17, 2019",lughayangu,https://lughayangu.com/ekegusii/embura
Embura,#Rain,Embura,Bironga Nyauma,"October 17, 2019",lughayangu,https://lughayangu.com/ekegusii/embura
Embura,By teDon,Embura,Bironga Nyauma,"October 17, 2019",lughayangu,https://lughayangu.com/ekegusii/embura
Embura,teDon,Embura,Bironga Nyauma,"October 17, 2019",lughayangu,https://lughayangu.com/ekegusii/embura
Embura,"November 14, 2023",Embura,Bironga Nyauma,"October 17, 2019",lughayangu,https://lughayangu.com/ekegusii/embura
Emebayeno y'ekegusii,Kisii proverbs,Emebayeno y'ekegusii,Daniel Oyuyo,"May 6, 2024",lughayangu,https://lughayangu.com/ekegusii/emebayeno-yekegusii
Emebayeno y'ekegusii,By Daniel Oyuyo,Emebayeno y'ekegusii,Daniel Oyuyo,"May 6, 2024",lughayangu,https://lughayangu.com/ekegusii/emebayeno-yekegusii
Emebayeno y'ekegusii,"May 6, 2024",Emebayeno y'ekegusii,Daniel Oyuyo,"May 6, 2024",lughayangu,https://lughayangu.com/ekegusii/emebayeno-yekegusii
Emerongo etano,fifty,Emerongo etano,Purity,"September 7, 2022",lughayangu,https://lughayangu.com/ekegusii/emerongo-etano
Emerongo kianda,Ninety,Emerongo kianda,Purity,"September 11, 2022",lughayangu,https://lughayangu.com/ekegusii/emerongo-kianda
Emirioni eyemo,one million,Emirioni eyemo,Purity,"September 1, 2022",lughayangu,https://lughayangu.com/ekegusii/emirioni-eyemo
Emitoo,slender leaves(mto),Emitoo,Purity,"September 22, 2022",lughayangu,https://lughayangu.com/ekegusii/emitoo
Emoti,bamboo grass,Emoti,Purity,"September 22, 2022",lughayangu,https://lughayangu.com/ekegusii/emoti
Emwamu,black,Emwamu,Purity,"September 6, 2022",lughayangu,https://lughayangu.com/ekegusii/emwamu
Endagera,food,Endagera,robertny,"October 10, 2019",lughayangu,https://lughayangu.com/ekegusii/endagera
Endagera,Serve him/her food,Endagera,robertny,"October 10, 2019",lughayangu,https://lughayangu.com/ekegusii/endagera
Endagera,#Food,Endagera,robertny,"October 10, 2019",lughayangu,https://lughayangu.com/ekegusii/endagera
Endagera,"October 10, 2019",Endagera,robertny,"October 10, 2019",lughayangu,https://lughayangu.com/ekegusii/endagera
Endagera,#enough,Endagera,robertny,"October 10, 2019",lughayangu,https://lughayangu.com/ekegusii/endagera
Endagera,"April 1, 2024",Endagera,robertny,"October 10, 2019",lughayangu,https://lughayangu.com/ekegusii/endagera
Endagera,Come eat food,Endagera,robertny,"October 10, 2019",lughayangu,https://lughayangu.com/ekegusii/endagera
Endagera,"May 9, 2025",Endagera,robertny,"October 10, 2019",lughayangu,https://lughayangu.com/ekegusii/endagera
Enderema,vine spinach,Enderema,Purity,"September 22, 2022",lughayangu,https://lughayangu.com/ekegusii/enderema
Endo,Lion,Endo,Annah,"June 26, 2023",lughayangu,https://lughayangu.com/ekegusii/endo
Endo,Lion of judah,Endo,Annah,"June 26, 2023",lughayangu,https://lughayangu.com/ekegusii/endo
Endo,"April 9, 2021",Endo,Annah,"June 26, 2023",lughayangu,https://lughayangu.com/ekegusii/endo
Endo,"September 16, 2023",Endo,Annah,"June 26, 2023",lughayangu,https://lughayangu.com/ekegusii/endo
Engano,wheat,Engano,Purity,"September 22, 2022",lughayangu,https://lughayangu.com/ekegusii/engano
Eng'atiato,october,Eng'atiato,Purity,"September 6, 2022",lughayangu,https://lughayangu.com/ekegusii/engatiato
Engegu,shore,Engegu,Purity,"September 7, 2022",lughayangu,https://lughayangu.com/ekegusii/engegu
Eng'ende,bean,Eng'ende,Purity,"August 30, 2022",lughayangu,https://lughayangu.com/ekegusii/engende
Engi,housefly,Engi,Purity,"September 1, 2022",lughayangu,https://lughayangu.com/ekegusii/engi
Eng'ombe,Cow,Eng'ombe,Purity,"August 26, 2022",lughayangu,https://lughayangu.com/ekegusii/engombe
"Engoro, nyasae","December 18, 2021","Engoro, nyasae",Starlion Ombasa Omwansu491333,"December 18, 2021",lughayangu,https://lughayangu.com/ekegusii/engoro-nyasae
enibo,wealth,enibo,robertny,"July 18, 2019",lughayangu,https://lughayangu.com/ekegusii/enibo
enibo,my wealth,enibo,robertny,"July 18, 2019",lughayangu,https://lughayangu.com/ekegusii/enibo
enibo,#wealth,enibo,robertny,"July 18, 2019",lughayangu,https://lughayangu.com/ekegusii/enibo
enibo,"July 18, 2019",enibo,robertny,"July 18, 2019",lughayangu,https://lughayangu.com/ekegusii/enibo
enibo,money,enibo,robertny,"July 18, 2019",lughayangu,https://lughayangu.com/ekegusii/enibo
Enkendu,Cold,Enkendu,Bironga Nyauma,"October 17, 2019",lughayangu,https://lughayangu.com/ekegusii/enkendu
Enkendu,#Cold,Enkendu,Bironga Nyauma,"October 17, 2019",lughayangu,https://lughayangu.com/ekegusii/enkendu
Enkendu,#Today,Enkendu,Bironga Nyauma,"October 17, 2019",lughayangu,https://lughayangu.com/ekegusii/enkendu
Enkene,tapeworm,Enkene,Purity,"October 24, 2022",lughayangu,https://lughayangu.com/ekegusii/enkene
Enkoro,heart,Enkoro,Purity,"August 30, 2022",lughayangu,https://lughayangu.com/ekegusii/enkoro
Ensogono,cockroach,Ensogono,Purity,"August 30, 2022",lughayangu,https://lughayangu.com/ekegusii/ensogono
Ensu,Fish,Ensu,Purity,"August 26, 2022",lughayangu,https://lughayangu.com/ekegusii/ensu
Enyamoreo,HIV/AIDs,Enyamoreo,Purity,"October 24, 2022",lughayangu,https://lughayangu.com/ekegusii/enyamoreo
Enyangi,Wedding,Enyangi,Bironga Nyauma,"October 17, 2019",lughayangu,https://lughayangu.com/ekegusii/enyangi
Enyangi,#wedding,Enyangi,Bironga Nyauma,"October 17, 2019",lughayangu,https://lughayangu.com/ekegusii/enyangi
Enyangi,The Wedding.,Enyangi,Bironga Nyauma,"October 17, 2019",lughayangu,https://lughayangu.com/ekegusii/enyangi
Enyigo,kidney,Enyigo,Purity,"August 30, 2022",lughayangu,https://lughayangu.com/ekegusii/enyigo
Enyimbo,fighting stick,Enyimbo,Purity,"September 11, 2022",lughayangu,https://lughayangu.com/ekegusii/enyimbo
Enyomba,House.,Enyomba,wakaliwao,"August 12, 2019",lughayangu,https://lughayangu.com/ekegusii/enyomba
Enyomba,#House,Enyomba,wakaliwao,"August 12, 2019",lughayangu,https://lughayangu.com/ekegusii/enyomba
Enyomba,#Door,Enyomba,wakaliwao,"August 12, 2019",lughayangu,https://lughayangu.com/ekegusii/enyomba
Enyonga,buttock,Enyonga,Purity,"August 30, 2022",lughayangu,https://lughayangu.com/ekegusii/enyonga
Enyonga,buttocks,Enyonga,Purity,"August 30, 2022",lughayangu,https://lughayangu.com/ekegusii/enyonga
Enyonga,"April 30, 2025",Enyonga,Purity,"August 30, 2022",lughayangu,https://lughayangu.com/ekegusii/enyonga
Enywomo,Marriage,Enywomo,Purity,"August 26, 2022",lughayangu,https://lughayangu.com/ekegusii/enywomo
Epani,cooking pan,Epani,Purity,"September 1, 2022",lughayangu,https://lughayangu.com/ekegusii/epani
Erio,then,Erio,Purity,"September 14, 2022",lughayangu,https://lughayangu.com/ekegusii/erio
Eriogi,voice,Eriogi,Purity,"September 1, 2022",lughayangu,https://lughayangu.com/ekegusii/eriogi
Esabato,Saturday,Esabato,Purity,"September 6, 2022",lughayangu,https://lughayangu.com/ekegusii/esabato
Esagati,january,Esagati,Purity,"September 11, 2022",lughayangu,https://lughayangu.com/ekegusii/esagati
Esasati,papyrus reeds,Esasati,Purity,"September 22, 2022",lughayangu,https://lughayangu.com/ekegusii/esasati
Esegi,war,Esegi,Purity,"September 11, 2022",lughayangu,https://lughayangu.com/ekegusii/esegi
Esegi,Fight,Esegi,Purity,"September 11, 2022",lughayangu,https://lughayangu.com/ekegusii/esegi
Esegi,By Shazzy,Esegi,Purity,"September 11, 2022",lughayangu,https://lughayangu.com/ekegusii/esegi
Esegi,Shazzy,Esegi,Purity,"September 11, 2022",lughayangu,https://lughayangu.com/ekegusii/esegi
Esegi,"June 20, 2023",Esegi,Purity,"September 11, 2022",lughayangu,https://lughayangu.com/ekegusii/esegi
Esimi,A cellphone,Esimi,robertny,"October 10, 2019",lughayangu,https://lughayangu.com/ekegusii/esimi
Esimi,#Phone,Esimi,robertny,"October 10, 2019",lughayangu,https://lughayangu.com/ekegusii/esimi
Esimi,#cellphone,Esimi,robertny,"October 10, 2019",lughayangu,https://lughayangu.com/ekegusii/esimi
Esimi,"October 10, 2019",Esimi,robertny,"October 10, 2019",lughayangu,https://lughayangu.com/ekegusii/esimi
Esimi,phone,Esimi,robertny,"October 10, 2019",lughayangu,https://lughayangu.com/ekegusii/esimi
Esimi,By Shazzy,Esimi,robertny,"October 10, 2019",lughayangu,https://lughayangu.com/ekegusii/esimi
Esimi,Shazzy,Esimi,robertny,"October 10, 2019",lughayangu,https://lughayangu.com/ekegusii/esimi
Esimi,"June 20, 2023",Esimi,robertny,"October 10, 2019",lughayangu,https://lughayangu.com/ekegusii/esimi
Esimi,phone of mine,Esimi,robertny,"October 10, 2019",lughayangu,https://lughayangu.com/ekegusii/esimi
Esimi,"March 3, 2024",Esimi,robertny,"October 10, 2019",lughayangu,https://lughayangu.com/ekegusii/esimi
Etangawisi,lemon grass,Etangawisi,Purity,"September 22, 2022",lughayangu,https://lughayangu.com/ekegusii/etangawisi
Etoigo,floods,Etoigo,Purity,"September 6, 2022",lughayangu,https://lughayangu.com/ekegusii/etoigo
Etuki,Hair,Etuki,Purity,"August 26, 2022",lughayangu,https://lughayangu.com/ekegusii/etuki
eumbu,Mosquito.,eumbu,Moraa,"September 4, 2019",lughayangu,https://lughayangu.com/ekegusii/eumbu
eumbu,#Bit,eumbu,Moraa,"September 4, 2019",lughayangu,https://lughayangu.com/ekegusii/eumbu
eumbu,By Moraa,eumbu,Moraa,"September 4, 2019",lughayangu,https://lughayangu.com/ekegusii/eumbu
eumbu,"September 4, 2019",eumbu,Moraa,"September 4, 2019",lughayangu,https://lughayangu.com/ekegusii/eumbu
eumbu,mosquito,eumbu,Moraa,"September 4, 2019",lughayangu,https://lughayangu.com/ekegusii/eumbu
Gacha,Save,Gacha,James Abere,"April 13, 2026",lughayangu,https://lughayangu.com/ekegusii/gacha
Gesicha,yellow,Gesicha,Purity,"September 1, 2022",lughayangu,https://lughayangu.com/ekegusii/gesicha
Goika,until,Goika,Purity,"September 14, 2022",lughayangu,https://lughayangu.com/ekegusii/goika
Goika,Arrive,Goika,Purity,"September 14, 2022",lughayangu,https://lughayangu.com/ekegusii/goika
Goika,#tell me,Goika,Purity,"September 14, 2022",lughayangu,https://lughayangu.com/ekegusii/goika
Goika,#Arrive,Goika,Purity,"September 14, 2022",lughayangu,https://lughayangu.com/ekegusii/goika
Gotandora,Tear,Gotandora,Purity,"August 26, 2022",lughayangu,https://lughayangu.com/ekegusii/gotandora
Igoro,(above the clouds),Igoro,Purity,"September 14, 2022",lughayangu,https://lughayangu.com/ekegusii/igoro
Igoro,"April 23, 2024",Igoro,Purity,"September 14, 2022",lughayangu,https://lughayangu.com/ekegusii/igoro
Ikaransa,Have a seat,Ikaransa,Bironga Nyauma,"October 17, 2019",lughayangu,https://lughayangu.com/ekegusii/ikaransa
Ikaransa,#seat,Ikaransa,Bironga Nyauma,"October 17, 2019",lughayangu,https://lughayangu.com/ekegusii/ikaransa
Ikaransa,#over,Ikaransa,Bironga Nyauma,"October 17, 2019",lughayangu,https://lughayangu.com/ekegusii/ikaransa
Ikaransa,#There,Ikaransa,Bironga Nyauma,"October 17, 2019",lughayangu,https://lughayangu.com/ekegusii/ikaransa
Ikomi,ten,Ikomi,Purity,"September 11, 2022",lughayangu,https://lughayangu.com/ekegusii/ikomi
Inse yaye,beneath,Inse yaye,Purity,"September 14, 2022",lughayangu,https://lughayangu.com/ekegusii/inse-yaye
Irongo,ceiling,Irongo,Purity,"September 6, 2022",lughayangu,https://lughayangu.com/ekegusii/irongo
Isano,five,Isano,Purity,"September 7, 2022",lughayangu,https://lughayangu.com/ekegusii/isano
Isano isato,eight,Isano isato,Purity,"September 6, 2022",lughayangu,https://lughayangu.com/ekegusii/isano-isato
Isano na ibere,seven,Isano na ibere,Purity,"September 6, 2022",lughayangu,https://lughayangu.com/ekegusii/isano-na-ibere
Isano nemo,six,Isano nemo,Purity,"September 6, 2022",lughayangu,https://lughayangu.com/ekegusii/isano-nemo
Kamati yane,sister-in-law,Kamati yane,Purity,"September 11, 2022",lughayangu,https://lughayangu.com/ekegusii/kamati-yane
Kansa,cancer,Kansa,Purity,"October 24, 2022",lughayangu,https://lughayangu.com/ekegusii/kansa
Kenagwa,yellow beans,Kenagwa,Purity,"September 22, 2022",lughayangu,https://lughayangu.com/ekegusii/kenagwa
Keria,that,Keria,Purity,"September 14, 2022",lughayangu,https://lughayangu.com/ekegusii/keria
Kisii,I speak kisii,Kisii,Moraa Daisy,"July 22, 2024",lughayangu,https://lughayangu.com/ekegusii/kisii
Kisii,By Moraa Daisy,Kisii,Moraa Daisy,"July 22, 2024",lughayangu,https://lughayangu.com/ekegusii/kisii
Kisii,"July 22, 2024",Kisii,Moraa Daisy,"July 22, 2024",lughayangu,https://lughayangu.com/ekegusii/kisii
Kobua,than,Kobua,Purity,"September 14, 2022",lughayangu,https://lughayangu.com/ekegusii/kobua
Komorabe,whether,Komorabe,Purity,"September 14, 2022",lughayangu,https://lughayangu.com/ekegusii/komorabe
Korema,Dig,Korema,Zedekiah,"September 3, 2022",lughayangu,https://lughayangu.com/ekegusii/korema
Korema,"September 3, 2022",Korema,Zedekiah,"September 3, 2022",lughayangu,https://lughayangu.com/ekegusii/korema
Korende,but,Korende,Purity,"September 14, 2022",lughayangu,https://lughayangu.com/ekegusii/korende
Koroka,vomiting,Koroka,Purity,"October 24, 2022",lughayangu,https://lughayangu.com/ekegusii/koroka
Korwa,from,Korwa,Purity,"September 14, 2022",lughayangu,https://lughayangu.com/ekegusii/korwa
Kuomana,Argue,Kuomana,Bironga Nyauma,"March 9, 2020",lughayangu,https://lughayangu.com/ekegusii/kuomana
Kuomana,#I do not,Kuomana,Bironga Nyauma,"March 9, 2020",lughayangu,https://lughayangu.com/ekegusii/kuomana
Kuomana,#argue,Kuomana,Bironga Nyauma,"March 9, 2020",lughayangu,https://lughayangu.com/ekegusii/kuomana
Maega,before,Maega,Purity,"July 23, 2026",lughayangu,https://lughayangu.com/ekegusii/maega
Magega,#Back,Magega,Bironga Nyauma,"March 9, 2020",lughayangu,https://lughayangu.com/ekegusii/magega
Magega,before,Magega,Bironga Nyauma,"March 9, 2020",lughayangu,https://lughayangu.com/ekegusii/magega
Mambia,morning,Mambia,Purity,"July 23, 2026",lughayangu,https://lughayangu.com/ekegusii/mambia
Mbuya inde,I am fine.,Mbuya inde,Obiri,"July 23, 2019",lughayangu,https://lughayangu.com/ekegusii/mbuya-inde
Mbuya inde,#I am fine,Mbuya inde,Obiri,"July 23, 2019",lughayangu,https://lughayangu.com/ekegusii/mbuya-inde
Mbya more?,Are you OK?,Mbya more?,Anonymous,"March 7, 2024",lughayangu,https://lughayangu.com/ekegusii/mbya-more
Mbya more?,"March 7, 2024",Mbya more?,Anonymous,"March 7, 2024",lughayangu,https://lughayangu.com/ekegusii/mbya-more
Mobasogati,Noon/midday,Mobasogati,James Abere,"April 13, 2026",lughayangu,https://lughayangu.com/ekegusii/mobasogati
Mogambi,Means a leader,Mogambi,Purity,"November 6, 2022",lughayangu,https://lughayangu.com/ekegusii/mogambi
Mogaso gati,noon/midday,Mogaso gati,Purity,"September 6, 2022",lughayangu,https://lughayangu.com/ekegusii/mogaso-gati
Mogotu,means old person,Mogotu,Purity,"November 7, 2022",lughayangu,https://lughayangu.com/ekegusii/mogotu
Monuguno obarema,February,Monuguno obarema,Purity,"September 6, 2022",lughayangu,https://lughayangu.com/ekegusii/monuguno-obarema
Moocha,East,Moocha,Daniel Oyuyo,"May 6, 2024",lughayangu,https://lughayangu.com/ekegusii/moocha
Moocha,By Daniel Oyuyo,Moocha,Daniel Oyuyo,"May 6, 2024",lughayangu,https://lughayangu.com/ekegusii/moocha
Moocha,"May 6, 2024",Moocha,Daniel Oyuyo,"May 6, 2024",lughayangu,https://lughayangu.com/ekegusii/moocha
Mosubati ominto,sister,Mosubati ominto,Purity,"September 6, 2022",lughayangu,https://lughayangu.com/ekegusii/mosubati-ominto
Na boigo,and,Na boigo,Purity,"September 14, 2022",lughayangu,https://lughayangu.com/ekegusii/na-boigo
Nabo igo,also,Nabo igo,Purity,"September 14, 2022",lughayangu,https://lughayangu.com/ekegusii/nabo-igo
Naisire,yet,Naisire,Purity,"September 14, 2022",lughayangu,https://lughayangu.com/ekegusii/naisire
Naki,what,Naki,Anonymous,"July 21, 2022",lughayangu,https://lughayangu.com/ekegusii/naki
Naki,"July 21, 2022",Naki,Anonymous,"July 21, 2022",lughayangu,https://lughayangu.com/ekegusii/naki
Naki,Hello,Naki,Anonymous,"July 21, 2022",lughayangu,https://lughayangu.com/ekegusii/naki
Naki,"January 3, 2025",Naki,Anonymous,"July 21, 2022",lughayangu,https://lughayangu.com/ekegusii/naki
Naki ere,what's up,Naki ere,Purity,"September 6, 2022",lughayangu,https://lughayangu.com/ekegusii/naki-ere
Naki obotuko bwao bware,"September 6, 2025",Naki obotuko bwao bware,Anonymous,"September 6, 2025",lughayangu,https://lughayangu.com/ekegusii/naki-obotuko-bwao-bware
Naki ogeteba,How are you?,Naki ogeteba,Obiri,"July 23, 2019",lughayangu,https://lughayangu.com/ekegusii/naki-ogeteba
Naki ogeteba,#Greeting,Naki ogeteba,Obiri,"July 23, 2019",lughayangu,https://lughayangu.com/ekegusii/naki-ogeteba
Naki okorokwa?,By mark deon2,Naki okorokwa?,mark deon2,"October 13, 2023",lughayangu,https://lughayangu.com/ekegusii/naki-okorokwa
Naki okorokwa?,mark deon2,Naki okorokwa?,mark deon2,"October 13, 2023",lughayangu,https://lughayangu.com/ekegusii/naki-okorokwa
Naki okorokwa?,"October 13, 2023",Naki okorokwa?,mark deon2,"October 13, 2023",lughayangu,https://lughayangu.com/ekegusii/naki-okorokwa
Naki ore,How are you,Naki ore,Ann Waithira,"March 8, 2024",lughayangu,https://lughayangu.com/ekegusii/naki-ore
Naki ore,By Ann Waithira,Naki ore,Ann Waithira,"March 8, 2024",lughayangu,https://lughayangu.com/ekegusii/naki-ore
Naki ore,Ann Waithira,Naki ore,Ann Waithira,"March 8, 2024",lughayangu,https://lughayangu.com/ekegusii/naki-ore
Naki ore,"March 8, 2024",Naki ore,Ann Waithira,"March 8, 2024",lughayangu,https://lughayangu.com/ekegusii/naki-ore
Naki ore,By Ohaga,Naki ore,Ann Waithira,"March 8, 2024",lughayangu,https://lughayangu.com/ekegusii/naki-ore
Naki ore,"November 3, 2025",Naki ore,Ann Waithira,"March 8, 2024",lughayangu,https://lughayangu.com/ekegusii/naki-ore
Nario,so that,Nario,Purity,"September 14, 2022",lughayangu,https://lughayangu.com/ekegusii/nario
Nase ki,why,Nase ki,Purity,"September 14, 2022",lughayangu,https://lughayangu.com/ekegusii/nase-ki
Nigo,for,Nigo,Purity,"July 23, 2026",lughayangu,https://lughayangu.com/ekegusii/nigo
Nimbwate,I have,Nimbwate,Bironga Nyauma,"October 17, 2019",lughayangu,https://lughayangu.com/ekegusii/nimbwate
Nimbwate,I have money,Nimbwate,Bironga Nyauma,"October 17, 2019",lughayangu,https://lughayangu.com/ekegusii/nimbwate
Nimbwate,#i have,Nimbwate,Bironga Nyauma,"October 17, 2019",lughayangu,https://lughayangu.com/ekegusii/nimbwate
Nimbwate,#Money,Nimbwate,Bironga Nyauma,"October 17, 2019",lughayangu,https://lughayangu.com/ekegusii/nimbwate
Nimbwate,I have food,Nimbwate,Bironga Nyauma,"October 17, 2019",lughayangu,https://lughayangu.com/ekegusii/nimbwate
Nimbwate,#Food,Nimbwate,Bironga Nyauma,"October 17, 2019",lughayangu,https://lughayangu.com/ekegusii/nimbwate
Ning'o,who,Ning'o,Purity,"September 14, 2022",lughayangu,https://lughayangu.com/ekegusii/ningo
Nkogwaka,Beat you,Nkogwaka,Bironga Nyauma,"October 17, 2019",lughayangu,https://lughayangu.com/ekegusii/nkogwaka
Nkogwaka,#beat,Nkogwaka,Bironga Nyauma,"October 17, 2019",lughayangu,https://lughayangu.com/ekegusii/nkogwaka
Nkogwaka,#badly,Nkogwaka,Bironga Nyauma,"October 17, 2019",lughayangu,https://lughayangu.com/ekegusii/nkogwaka
Nkororete buya,You look good,Nkororete buya,Anonymous,"April 13, 2023",lughayangu,https://lughayangu.com/ekegusii/nkororete-buya
Nkororete buya,"April 13, 2023",Nkororete buya,Anonymous,"April 13, 2023",lughayangu,https://lughayangu.com/ekegusii/nkororete-buya
Nonya,Although,Nonya,James Abere,"April 13, 2026",lughayangu,https://lughayangu.com/ekegusii/nonya
Nonya nekero,even if,Nonya nekero,Purity,"September 14, 2022",lughayangu,https://lughayangu.com/ekegusii/nonya-nekero
Nyasae,God,Nyasae,Bironga Nyauma,"October 17, 2019",lughayangu,https://lughayangu.com/ekegusii/nyasae
Nyasae,God is good,Nyasae,Bironga Nyauma,"October 17, 2019",lughayangu,https://lughayangu.com/ekegusii/nyasae
Nyasae,#God,Nyasae,Bironga Nyauma,"October 17, 2019",lughayangu,https://lughayangu.com/ekegusii/nyasae
Nyasae,#Good,Nyasae,Bironga Nyauma,"October 17, 2019",lughayangu,https://lughayangu.com/ekegusii/nyasae
Nyasaye n'omuya,God is good,Nyasaye n'omuya,Anonymous,"March 12, 2024",lughayangu,https://lughayangu.com/ekegusii/nyasaye-nomuya
Nyasaye n'omuya,"March 12, 2024",Nyasaye n'omuya,Anonymous,"March 12, 2024",lughayangu,https://lughayangu.com/ekegusii/nyasaye-nomuya
Nyomba inse,floor,Nyomba inse,Purity,"September 6, 2022",lughayangu,https://lughayangu.com/ekegusii/nyomba-inse
Obokima,Cook ugali,Obokima,Bironga Nyauma,"October 17, 2019",lughayangu,https://lughayangu.com/ekegusii/obokima
Obokima,#cook,Obokima,Bironga Nyauma,"October 17, 2019",lughayangu,https://lughayangu.com/ekegusii/obokima
Obongo,brain,Obongo,Purity,"August 30, 2022",lughayangu,https://lughayangu.com/ekegusii/obongo
Obonyansi,grass,Obonyansi,Purity,"September 22, 2022",lughayangu,https://lughayangu.com/ekegusii/obonyansi
Oborito korwa,miscarriage,Oborito korwa,Purity,"October 24, 2022",lughayangu,https://lughayangu.com/ekegusii/oborito-korwa
Oborwaire bw'amabere,brucellosis,Oborwaire bw'amabere,Purity,"October 24, 2022",lughayangu,https://lughayangu.com/ekegusii/oborwaire-bwamabere
Oborwaire bw'amache,typhoid,Oborwaire bw'amache,Purity,"October 24, 2022",lughayangu,https://lughayangu.com/ekegusii/oborwaire-bwamache
Oborwaire bwechinengo,athritis,Oborwaire bwechinengo,Purity,"October 24, 2022",lughayangu,https://lughayangu.com/ekegusii/oborwaire-bwechinengo
Oborwaire bw'echisese,rabies,Oborwaire bw'echisese,Purity,"October 24, 2022",lughayangu,https://lughayangu.com/ekegusii/oborwaire-bwechisese
Oborwaire bw'esukari,diabetes,Oborwaire bw'esukari,Purity,"October 24, 2022",lughayangu,https://lughayangu.com/ekegusii/oborwaire-bwesukari
Oborwaire bw'okorara,sleeping sickness,Oborwaire bw'okorara,Purity,"October 24, 2022",lughayangu,https://lughayangu.com/ekegusii/oborwaire-bwokorara
Obosi,flour,Obosi,Purity,"September 11, 2022",lughayangu,https://lughayangu.com/ekegusii/obosi
Obosio,face,Obosio,Purity,"August 30, 2022",lughayangu,https://lughayangu.com/ekegusii/obosio
Obosomba,Slavery,Obosomba,Jackson Onchwari,"May 10, 2026",lughayangu,https://lughayangu.com/ekegusii/obosomba
Obosomba,By Jackson Onchwari,Obosomba,Jackson Onchwari,"May 10, 2026",lughayangu,https://lughayangu.com/ekegusii/obosomba
Obosomba,Jackson Onchwari,Obosomba,Jackson Onchwari,"May 10, 2026",lughayangu,https://lughayangu.com/ekegusii/obosomba
Obosomba,"May 10, 2026",Obosomba,Jackson Onchwari,"May 10, 2026",lughayangu,https://lughayangu.com/ekegusii/obosomba
Obwanchani,Love,Obwanchani,Calvin omambia,"October 6, 2022",lughayangu,https://lughayangu.com/ekegusii/obwanchani
Obwanchani,By Calvin omambia,Obwanchani,Calvin omambia,"October 6, 2022",lughayangu,https://lughayangu.com/ekegusii/obwanchani
Obwanchani,Calvin omambia,Obwanchani,Calvin omambia,"October 6, 2022",lughayangu,https://lughayangu.com/ekegusii/obwanchani
Obwanchani,"October 6, 2022",Obwanchani,Calvin omambia,"October 6, 2022",lughayangu,https://lughayangu.com/ekegusii/obwanchani
Ochire,#Boy,Ochire,Bironga Nyauma,"October 17, 2019",lughayangu,https://lughayangu.com/ekegusii/ochire
Ogokorora,coughing,Ogokorora,Purity,"October 24, 2022",lughayangu,https://lughayangu.com/ekegusii/ogokorora
Ogoto,ear,Ogoto,Purity,"September 1, 2022",lughayangu,https://lughayangu.com/ekegusii/ogoto
Ogotugama,bow,Ogotugama,Purity,"September 7, 2022",lughayangu,https://lughayangu.com/ekegusii/ogotugama
Oira,Means to take,Oira,Purity,"November 7, 2022",lughayangu,https://lughayangu.com/ekegusii/oira
Okoaregania,Prepare,Okoaregania,Engubo,"February 15, 2024",lughayangu,https://lughayangu.com/ekegusii/okoaregania
Okoaregania,By Engubo,Okoaregania,Engubo,"February 15, 2024",lughayangu,https://lughayangu.com/ekegusii/okoaregania
Okoaregania,"February 15, 2024",Okoaregania,Engubo,"February 15, 2024",lughayangu,https://lughayangu.com/ekegusii/okoaregania
Okoboko,arm,Okoboko,Purity,"September 1, 2022",lughayangu,https://lughayangu.com/ekegusii/okoboko
Okobwekania,Matching or familiarity,Okobwekania,Quenton,"May 23, 2026",lughayangu,https://lughayangu.com/ekegusii/okobwekania
Okobwekania,By Quenton,Okobwekania,Quenton,"May 23, 2026",lughayangu,https://lughayangu.com/ekegusii/okobwekania
Okobwekania,Quenton,Okobwekania,Quenton,"May 23, 2026",lughayangu,https://lughayangu.com/ekegusii/okobwekania
Okobwekania,"May 23, 2026",Okobwekania,Quenton,"May 23, 2026",lughayangu,https://lughayangu.com/ekegusii/okobwekania
Okobwenia,treatment,Okobwenia,Purity,"July 23, 2026",lughayangu,https://lughayangu.com/ekegusii/okobwenia
Okoegia,#Act,Okoegia,Bironga Nyauma,"March 9, 2020",lughayangu,https://lughayangu.com/ekegusii/okoegia
Okoegia,#have,Okoegia,Bironga Nyauma,"March 9, 2020",lughayangu,https://lughayangu.com/ekegusii/okoegia
Okorengwa,diagnosis,Okorengwa,Purity,"October 24, 2022",lughayangu,https://lughayangu.com/ekegusii/okorengwa
Okororekana,symptoms,Okororekana,Purity,"October 24, 2022",lughayangu,https://lughayangu.com/ekegusii/okororekana
Okorwarigwa,treatment,Okorwarigwa,Purity,"July 23, 2026",lughayangu,https://lughayangu.com/ekegusii/okorwarigwa
Omobe,Bad,Omobe,Bironga Nyauma,"March 9, 2020",lughayangu,https://lughayangu.com/ekegusii/omobe
Omobe,#Bad,Omobe,Bironga Nyauma,"March 9, 2020",lughayangu,https://lughayangu.com/ekegusii/omobe
Omobe,#Person,Omobe,Bironga Nyauma,"March 9, 2020",lughayangu,https://lughayangu.com/ekegusii/omobe
Omobere,body,Omobere,Purity,"August 30, 2022",lughayangu,https://lughayangu.com/ekegusii/omobere
Omochere,rice,Omochere,Purity,"September 22, 2022",lughayangu,https://lughayangu.com/ekegusii/omochere
Omogaka,husband,Omogaka,Purity,"September 11, 2022",lughayangu,https://lughayangu.com/ekegusii/omogaka
Omogaka,aloe vera,Omogaka,Purity,"September 11, 2022",lughayangu,https://lughayangu.com/ekegusii/omogaka
Omogaka bw'esiko,elder,Omogaka bw'esiko,Purity,"September 6, 2022",lughayangu,https://lughayangu.com/ekegusii/omogaka-bwesiko
Omogaka bw'esiko,The elder travelled,Omogaka bw'esiko,Purity,"September 6, 2022",lughayangu,https://lughayangu.com/ekegusii/omogaka-bwesiko
Omogakone,My husband,Omogakone,Naom Mokarabu,"March 24, 2024",lughayangu,https://lughayangu.com/ekegusii/omogakone
Omogakone,"March 24, 2024",Omogakone,Naom Mokarabu,"March 24, 2024",lughayangu,https://lughayangu.com/ekegusii/omogakone
Omogambi,A leader,Omogambi,robertny,"July 18, 2019",lughayangu,https://lughayangu.com/ekegusii/omogambi
Omogambi,#Leader,Omogambi,robertny,"July 18, 2019",lughayangu,https://lughayangu.com/ekegusii/omogambi
Omogambi,#Come,Omogambi,robertny,"July 18, 2019",lughayangu,https://lughayangu.com/ekegusii/omogambi
Omogambi,"July 18, 2019",Omogambi,robertny,"July 18, 2019",lughayangu,https://lughayangu.com/ekegusii/omogambi
Omogambi,chief,Omogambi,robertny,"July 18, 2019",lughayangu,https://lughayangu.com/ekegusii/omogambi
Omogango,Cooking stick,Omogango,Anonymous,"September 6, 2022",lughayangu,https://lughayangu.com/ekegusii/omogango
Omogango,Wooden cooking stick/stuff,Omogango,Anonymous,"September 6, 2022",lughayangu,https://lughayangu.com/ekegusii/omogango
Omogango,"March 16, 2024",Omogango,Anonymous,"September 6, 2022",lughayangu,https://lughayangu.com/ekegusii/omogango
Omogate,Bread,Omogate,Bironga Nyauma,"October 17, 2019",lughayangu,https://lughayangu.com/ekegusii/omogate
Omogate,#bread,Omogate,Bironga Nyauma,"October 17, 2019",lughayangu,https://lughayangu.com/ekegusii/omogate
Omogumo,african baobab,Omogumo,Purity,"September 1, 2022",lughayangu,https://lughayangu.com/ekegusii/omogumo
Omoibori,parent,Omoibori,Purity,"September 11, 2022",lughayangu,https://lughayangu.com/ekegusii/omoibori
Omoiseke,Girl,Omoiseke,Zedekiah,"August 24, 2022",lughayangu,https://lughayangu.com/ekegusii/omoiseke
omoisia,"Lad, same peer(boy)",omoisia,robertny,"July 14, 2019",lughayangu,https://lughayangu.com/ekegusii/omoisia
omoisia,#lad,omoisia,robertny,"July 14, 2019",lughayangu,https://lughayangu.com/ekegusii/omoisia
omoisia,#young man,omoisia,robertny,"July 14, 2019",lughayangu,https://lughayangu.com/ekegusii/omoisia
omoisia,"July 14, 2019",omoisia,robertny,"July 14, 2019",lughayangu,https://lughayangu.com/ekegusii/omoisia
Omoiti,Killer,Omoiti,Davis Omari,"May 4, 2023",lughayangu,https://lughayangu.com/ekegusii/omoiti
Omoiti,By Davis Omari,Omoiti,Davis Omari,"May 4, 2023",lughayangu,https://lughayangu.com/ekegusii/omoiti
Omoiti,Davis Omari,Omoiti,Davis Omari,"May 4, 2023",lughayangu,https://lughayangu.com/ekegusii/omoiti
Omoiti,"May 4, 2023",Omoiti,Davis Omari,"May 4, 2023",lughayangu,https://lughayangu.com/ekegusii/omoiti
Omokubio,Sunday,Omokubio,Purity,"August 26, 2022",lughayangu,https://lughayangu.com/ekegusii/omokubio
Omokungu,female,Omokungu,Purity,"July 23, 2026",lughayangu,https://lughayangu.com/ekegusii/omokungu
Omomura,boy,Omomura,Purity,"September 11, 2022",lughayangu,https://lughayangu.com/ekegusii/omomura
Omomura,A boy,Omomura,Purity,"September 11, 2022",lughayangu,https://lughayangu.com/ekegusii/omomura
Omomura,"July 17, 2023",Omomura,Purity,"September 11, 2022",lughayangu,https://lughayangu.com/ekegusii/omomura
Omonto,Person,Omonto,Zedekiah,"September 1, 2022",lughayangu,https://lughayangu.com/ekegusii/omonto
Omonto,#want,Omonto,Zedekiah,"September 1, 2022",lughayangu,https://lughayangu.com/ekegusii/omonto
Omonto,#Person,Omonto,Zedekiah,"September 1, 2022",lughayangu,https://lughayangu.com/ekegusii/omonto
Omonyinga,purple,Omonyinga,Purity,"September 7, 2022",lughayangu,https://lughayangu.com/ekegusii/omonyinga
Omorai,leader,Omorai,Purity,"September 7, 2022",lughayangu,https://lughayangu.com/ekegusii/omorai
Omorakera,drought,Omorakera,Purity,"September 6, 2022",lughayangu,https://lughayangu.com/ekegusii/omorakera
Omorandi,Preacher,Omorandi,Purity,"September 6, 2022",lughayangu,https://lughayangu.com/ekegusii/omorandi
Omorandia,Preacher,Omorandia,James Abere,"April 13, 2026",lughayangu,https://lughayangu.com/ekegusii/omorandia
Omorangu,door,Omorangu,Purity,"July 23, 2026",lughayangu,https://lughayangu.com/ekegusii/omorangu
Omoratora,thorn apple,Omoratora,Purity,"September 22, 2022",lughayangu,https://lughayangu.com/ekegusii/omoratora
Omorembe,peace,Omorembe,Purity,"September 7, 2022",lughayangu,https://lughayangu.com/ekegusii/omorembe
Omorero bw'enyangau,fire lilies,Omorero bw'enyangau,Purity,"September 22, 2022",lughayangu,https://lughayangu.com/ekegusii/omorero-bwenyangau
Omoro bw'esegi,sword,Omoro bw'esegi,Purity,"September 11, 2022",lughayangu,https://lughayangu.com/ekegusii/omoro-bwesegi
Omoroso,fatigue,Omoroso,Purity,"October 24, 2022",lughayangu,https://lughayangu.com/ekegusii/omoroso
Omorwaire,patient,Omorwaire,Purity,"September 6, 2022",lughayangu,https://lughayangu.com/ekegusii/omorwaire
Omosangererekano,crowd,Omosangererekano,Purity,"September 11, 2022",lughayangu,https://lughayangu.com/ekegusii/omosangererekano
Omoseto,bone marrow,Omoseto,Purity,"September 1, 2022",lughayangu,https://lughayangu.com/ekegusii/omoseto
Omosi,Sugarcane,Omosi,Purity,"August 26, 2022",lughayangu,https://lughayangu.com/ekegusii/omosi
Omosi,Am eating sugarcane,Omosi,Purity,"August 26, 2022",lughayangu,https://lughayangu.com/ekegusii/omosi
omosigari,A policeman.,omosigari,wakaliwao,"August 12, 2019",lughayangu,https://lughayangu.com/ekegusii/omosigari
omosigari,#Policeman,omosigari,wakaliwao,"August 12, 2019",lughayangu,https://lughayangu.com/ekegusii/omosigari
omosigari,#Cap,omosigari,wakaliwao,"August 12, 2019",lughayangu,https://lughayangu.com/ekegusii/omosigari
Omosu,hen,Omosu,Purity,"September 6, 2022",lughayangu,https://lughayangu.com/ekegusii/omosu
Omosubati,woman,Omosubati,Purity,"September 11, 2022",lughayangu,https://lughayangu.com/ekegusii/omosubati
Omosubati,female,Omosubati,Purity,"September 11, 2022",lughayangu,https://lughayangu.com/ekegusii/omosubati
Omote,tree,Omote,Purity,"September 22, 2022",lughayangu,https://lughayangu.com/ekegusii/omote
Omote,By Oirere,Omote,Purity,"September 22, 2022",lughayangu,https://lughayangu.com/ekegusii/omote
Omotembe,Erythrina abyssinica,Omotembe,Evanson Onyinkx,"April 3, 2024",lughayangu,https://lughayangu.com/ekegusii/omotembe
Omotembe,By Evanson Onyinkx,Omotembe,Evanson Onyinkx,"April 3, 2024",lughayangu,https://lughayangu.com/ekegusii/omotembe
Omotembe,Evanson Onyinkx,Omotembe,Evanson Onyinkx,"April 3, 2024",lughayangu,https://lughayangu.com/ekegusii/omotembe
Omotembe,"April 3, 2024",Omotembe,Evanson Onyinkx,"April 3, 2024",lughayangu,https://lughayangu.com/ekegusii/omotembe
Omotere,jute mallow,Omotere,Purity,"September 22, 2022",lughayangu,https://lughayangu.com/ekegusii/omotere
Omoterere,Smooth,Omoterere,Anonymous,"February 2, 2023",lughayangu,https://lughayangu.com/ekegusii/omoterere
Omoterere,"February 2, 2023",Omoterere,Anonymous,"February 2, 2023",lughayangu,https://lughayangu.com/ekegusii/omoterere
Omotienyi,moon,Omotienyi,Purity,"September 6, 2022",lughayangu,https://lughayangu.com/ekegusii/omotienyi
Omwaga,windy,Omwaga,Purity,"September 7, 2022",lughayangu,https://lughayangu.com/ekegusii/omwaga
omwana,By sosimomanyi,omwana,sosimomanyi,"September 25, 2019",lughayangu,https://lughayangu.com/ekegusii/omwana
omwana,"September 25, 2019",omwana,sosimomanyi,"September 25, 2019",lughayangu,https://lughayangu.com/ekegusii/omwana
omwana,A child.,omwana,sosimomanyi,"September 25, 2019",lughayangu,https://lughayangu.com/ekegusii/omwana
omwana,#Child,omwana,sosimomanyi,"September 25, 2019",lughayangu,https://lughayangu.com/ekegusii/omwana
omwana,Child,omwana,sosimomanyi,"September 25, 2019",lughayangu,https://lughayangu.com/ekegusii/omwana
omwana,Kerubo's child died,omwana,sosimomanyi,"September 25, 2019",lughayangu,https://lughayangu.com/ekegusii/omwana
omwana,#died,omwana,sosimomanyi,"September 25, 2019",lughayangu,https://lughayangu.com/ekegusii/omwana
omwana,kid,omwana,sosimomanyi,"September 25, 2019",lughayangu,https://lughayangu.com/ekegusii/omwana
omwana,Achild,omwana,sosimomanyi,"September 25, 2019",lughayangu,https://lughayangu.com/ekegusii/omwana
omwana,By Doreen Nyang'ara,omwana,sosimomanyi,"September 25, 2019",lughayangu,https://lughayangu.com/ekegusii/omwana
omwana,"April 21, 2025",omwana,sosimomanyi,"September 25, 2019",lughayangu,https://lughayangu.com/ekegusii/omwana
Omworokigwa,student,Omworokigwa,Purity,"September 6, 2022",lughayangu,https://lughayangu.com/ekegusii/omworokigwa
Onye,unless,Onye,Purity,"September 14, 2022",lughayangu,https://lughayangu.com/ekegusii/onye
Onye taribo,otherwise,Onye taribo,Purity,"September 14, 2022",lughayangu,https://lughayangu.com/ekegusii/onye-taribo
Oroima,spleen,Oroima,Purity,"August 30, 2022",lughayangu,https://lughayangu.com/ekegusii/oroima
Oroima,jaundice,Oroima,Purity,"August 30, 2022",lughayangu,https://lughayangu.com/ekegusii/oroima
Rero,Today,Rero,Bironga Nyauma,"October 17, 2019",lughayangu,https://lughayangu.com/ekegusii/rero
Rero,#Today,Rero,Bironga Nyauma,"October 17, 2019",lughayangu,https://lughayangu.com/ekegusii/rero
Rero,#Day,Rero,Bironga Nyauma,"October 17, 2019",lughayangu,https://lughayangu.com/ekegusii/rero
Rero,Today am coming,Rero,Bironga Nyauma,"October 17, 2019",lughayangu,https://lughayangu.com/ekegusii/rero
Rero,"October 25, 2024",Rero,Bironga Nyauma,"October 17, 2019",lughayangu,https://lughayangu.com/ekegusii/rero
Riberera,fever,Riberera,Purity,"October 24, 2022",lughayangu,https://lughayangu.com/ekegusii/riberera
Rigecha,Tick,Rigecha,Purity,"August 26, 2022",lughayangu,https://lughayangu.com/ekegusii/rigecha
Rigwata,april,Rigwata,Purity,"September 7, 2022",lughayangu,https://lughayangu.com/ekegusii/rigwata
Rikonge,sisal,Rikonge,Purity,"September 22, 2022",lughayangu,https://lughayangu.com/ekegusii/rikonge
Rikuba,common cold,Rikuba,Purity,"October 24, 2022",lughayangu,https://lughayangu.com/ekegusii/rikuba
Rikwarimo,ulcers,Rikwarimo,Purity,"October 24, 2022",lughayangu,https://lughayangu.com/ekegusii/rikwarimo
Rinoe,kidney beans,Rinoe,Purity,"September 22, 2022",lughayangu,https://lughayangu.com/ekegusii/rinoe
Rinyamara,Centipede,Rinyamara,Purity,"August 26, 2022",lughayangu,https://lughayangu.com/ekegusii/rinyamara
Rinyamara,millipede,Rinyamara,Purity,"August 26, 2022",lughayangu,https://lughayangu.com/ekegusii/rinyamara
Riororo,hen,Riororo,Purity,"July 23, 2026",lughayangu,https://lughayangu.com/ekegusii/riororo
Rirabwoni,sweet potato,Rirabwoni,Purity,"September 22, 2022",lughayangu,https://lughayangu.com/ekegusii/rirabwoni
Rireko,Shoulder,Rireko,Purity,"August 26, 2022",lughayangu,https://lughayangu.com/ekegusii/rireko
Riru,knee,Riru,Purity,"September 1, 2022",lughayangu,https://lughayangu.com/ekegusii/riru
Rirubi,cobra,Rirubi,Purity,"August 30, 2022",lughayangu,https://lughayangu.com/ekegusii/rirubi
Rirumbe,foggy,Rirumbe,Purity,"September 6, 2022",lughayangu,https://lughayangu.com/ekegusii/rirumbe
Risabeso,cholera,Risabeso,Purity,"October 24, 2022",lughayangu,https://lughayangu.com/ekegusii/risabeso
Risanku,skin,Risanku,Purity,"August 30, 2022",lughayangu,https://lughayangu.com/ekegusii/risanku
Rise,stinging nettle,Rise,Purity,"September 22, 2022",lughayangu,https://lughayangu.com/ekegusii/rise
Rise,By Benzoic prutas,Rise,Purity,"September 22, 2022",lughayangu,https://lughayangu.com/ekegusii/rise
Rise,Benzoic prutas,Rise,Purity,"September 22, 2022",lughayangu,https://lughayangu.com/ekegusii/rise
Rise,"February 19, 2023",Rise,Purity,"September 22, 2022",lughayangu,https://lughayangu.com/ekegusii/rise
Risosa,pumpkin leaves,Risosa,Purity,"July 23, 2026",lughayangu,https://lughayangu.com/ekegusii/risosaamasosa
Ritimo,spear,Ritimo,Purity,"September 7, 2022",lughayangu,https://lughayangu.com/ekegusii/ritimo
Ritina,stem,Ritina,Purity,"September 22, 2022",lughayangu,https://lughayangu.com/ekegusii/ritina
Ritindogoro,passion,Ritindogoro,Purity,"September 1, 2022",lughayangu,https://lughayangu.com/ekegusii/ritindogoro
Rito,leaf,Rito,Purity,"September 22, 2022",lughayangu,https://lughayangu.com/ekegusii/rito
Ritoke,#Cut,Ritoke,wakaliwao,"August 12, 2019",lughayangu,https://lughayangu.com/ekegusii/ritoke
Ritoke,Banana- single form,Ritoke,wakaliwao,"August 12, 2019",lughayangu,https://lughayangu.com/ekegusii/ritoke
Ritoke,#Give,Ritoke,wakaliwao,"August 12, 2019",lughayangu,https://lughayangu.com/ekegusii/ritoke
Rituko,Day,Rituko,Bironga Nyauma,"October 17, 2019",lughayangu,https://lughayangu.com/ekegusii/rituko
Rituko,Which day?,Rituko,Bironga Nyauma,"October 17, 2019",lughayangu,https://lughayangu.com/ekegusii/rituko
Rituko,#which,Rituko,Bironga Nyauma,"October 17, 2019",lughayangu,https://lughayangu.com/ekegusii/rituko
Rituko,#Day,Rituko,Bironga Nyauma,"October 17, 2019",lughayangu,https://lughayangu.com/ekegusii/rituko
Ritunda riroro,lemon,Ritunda riroro,Purity,"September 1, 2022",lughayangu,https://lughayangu.com/ekegusii/ritunda-riroro
Riuga,flower,Riuga,Purity,"August 26, 2022",lughayangu,https://lughayangu.com/ekegusii/riuga
Rwana,Fight,Rwana,Bernard Momanyi Nyagaka,"February 9, 2023",lughayangu,https://lughayangu.com/ekegusii/rwana
Rwana,Okay fight,Rwana,Bernard Momanyi Nyagaka,"February 9, 2023",lughayangu,https://lughayangu.com/ekegusii/rwana
Rwana,"February 9, 2023",Rwana,Bernard Momanyi Nyagaka,"February 9, 2023",lughayangu,https://lughayangu.com/ekegusii/rwana
Tara,Walk,Tara,Anonymous,"July 30, 2023",lughayangu,https://lughayangu.com/ekegusii/tara
Tara,Walk towards me,Tara,Anonymous,"July 30, 2023",lughayangu,https://lughayangu.com/ekegusii/tara
Tara,"July 30, 2023",Tara,Anonymous,"July 30, 2023",lughayangu,https://lughayangu.com/ekegusii/tara
Tata,Father,Tata,Purity,"September 11, 2022",lughayangu,https://lughayangu.com/ekegusii/tata
Tata biara,Father-in-law,Tata biara,Purity,"September 6, 2022",lughayangu,https://lughayangu.com/ekegusii/tata-biara
Tema,Attempt,Tema,Bironga Nyauma,"March 9, 2020",lughayangu,https://lughayangu.com/ekegusii/tema
Tema,Attempt all questions,Tema,Bironga Nyauma,"March 9, 2020",lughayangu,https://lughayangu.com/ekegusii/tema
Tema,#attempt,Tema,Bironga Nyauma,"March 9, 2020",lughayangu,https://lughayangu.com/ekegusii/tema
Tema,#all,Tema,Bironga Nyauma,"March 9, 2020",lughayangu,https://lughayangu.com/ekegusii/tema
Tichi gatano,friday,Tichi gatano,Purity,"September 6, 2022",lughayangu,https://lughayangu.com/ekegusii/tichi-gatano
Tichi kabere,tuesday,Tichi kabere,Purity,"September 7, 2022",lughayangu,https://lughayangu.com/ekegusii/tichi-kabere
Tureti ya kebaki,September,Tureti ya kebaki,Purity,"August 26, 2022",lughayangu,https://lughayangu.com/ekegusii/tureti-ya-kebaki
Yabo,their,Yabo,Purity,"September 14, 2022",lughayangu,https://lughayangu.com/ekegusii/yabo
Yaito,ours,Yaito,Purity,"September 14, 2022",lughayangu,https://lughayangu.com/ekegusii/yaito
Yane,Bring my dress,Yane,Purity,"September 14, 2022",lughayangu,https://lughayangu.com/ekegusii/yane
Yaye,his/her/its,Yaye,Purity,"September 14, 2022",lughayangu,https://lughayangu.com/ekegusii/yaye
Yoka,only,Yoka,Purity,"September 14, 2022",lughayangu,https://lughayangu.com/ekegusii/yoka
Yonsi,#Eat,Yonsi,Bironga Nyauma,"March 9, 2020",lughayangu,https://lughayangu.com/ekegusii/yonsi
Yonsi,#all,Yonsi,Bironga Nyauma,"March 9, 2020",lughayangu,https://lughayangu.com/ekegusii/yonsi
Yonsi,#bread,Yonsi,Bironga Nyauma,"March 9, 2020",lughayangu,https://lughayangu.com/ekegusii/yonsi
